id,district_code
school-40000,lgaae8336fce317
school-40001,lgacbffb11990f2
school-40002,lgac20858fe9fc3
school-40003,lgaed3a2c35aa46
school-40004,lgacbffb11990f2
school-40005,lgaf11c4f3e9ae0
school-40006,lgaf11c4f3e9ae0
school-40007,lgaf11c4f3e9ae0
school-40008,lgab1d61c9cb781
school-40009,lga3ec5fd5ac40a
school-40010,lgacc8be94156f0
school-40011,lgab848eee26cd6
school-40012,lgab1d61c9cb781
school-40013,lgadc18daa4e36a
school-40014,lgafe5600ae3561
school-40015,lga501d6d4da5d2
school-40016,lga5c99cd452105
school-40017,lga2319b5472a93
school-40018,lgaae8336fce317
school-40019,lgaae8336fce317
school-40020,lgaa522f0db671c
school-40021,lgaa522f0db671c
school-40022,lgacbffb11990f2
school-40023,lgac20858fe9fc3
school-40024,lgaed3a2c35aa46
school-40025,lgaed3a2c35aa46
school-40026,lga25332b122f1e
school-40027,lgaa33bbd294e17
school-40028,lgacbffb11990f2
school-40029,lgacbffb11990f2
school-40030,lgaae8336fce317
school-40031,lgafe5600ae3561
school-40032,lgab848eee26cd6
school-40033,lgab848eee26cd6
school-40035,lgacbffb11990f2
school-40036,lgaf11c4f3e9ae0
school-40037,lgaae8336fce317
school-40038,lgaf11c4f3e9ae0
school-40039,lgaae8336fce317
school-40041,lgaf11c4f3e9ae0
school-40042,lga834b76840988
school-40043,lga501d6d4da5d2
school-40044,lgadc18daa4e36a
school-40045,lgaf11c4f3e9ae0
school-40046,lgaabfc45eea6db
school-40047,lgaf11c4f3e9ae0
school-40048,lgaf11c4f3e9ae0
school-40049,lga7acebfae7d77
school-40050,lgaa33bbd294e17
school-40051,lga3ec5fd5ac40a
school-40052,lgab848eee26cd6
school-40053,lga2319b5472a93
school-40054,lgaed3a2c35aa46
school-40056,lgab1d61c9cb781
school-40057,lgab1d61c9cb781
school-40058,lgab1d61c9cb781
school-40059,lgaae8336fce317
school-40060,lga2e540f3e64d2
school-40061,lgacc8be94156f0
school-40062,lga5c99cd452105
school-40063,lga5c99cd452105
school-40064,lgaaa6eb4f52653
school-40065,lga2e540f3e64d2
school-40066,lgaa522f0db671c
school-40067,lga5f9b3011df30
school-40068,lga5f9b3011df30
school-40069,lgac7699d4a3a85
school-40070,lgaa33bbd294e17
school-40071,lgabc6e4e7e1d00
school-40072,lgabc6e4e7e1d00
school-40073,lga20efe678919a
school-40074,lgafe5600ae3561
school-40075,lga63f3462bceb9
school-40076,lgadc18daa4e36a
school-40077,lgaf11c4f3e9ae0
school-40080,lgacc8be94156f0
school-40081,lgafe5600ae3561
school-40082,lga501d6d4da5d2
school-40083,lga20efe678919a
school-40084,lgadc18daa4e36a
school-40085,lga958174371749
school-40086,lga7acebfae7d77
school-40087,lgadc18daa4e36a
school-40088,lga2319b5472a93
school-40090,lgaa33bbd294e17
school-40092,lgaf11c4f3e9ae0
school-40093,lgaf11c4f3e9ae0
school-40096,lgaae8336fce317
school-40097,lgaf11c4f3e9ae0
school-40098,lga3ec5fd5ac40a
school-40099,lgaf11c4f3e9ae0
school-40100,lgacbffb11990f2
school-40101,lgacbffb11990f2
school-40102,lgacbffb11990f2
school-40103,lgacbffb11990f2
school-40104,lgacbffb11990f2
school-40105,lgacbffb11990f2
school-40106,lgacbffb11990f2
school-40107,lgacbffb11990f2
school-40108,lgadc18daa4e36a
school-40109,lgacbffb11990f2
school-40110,lgacbffb11990f2
school-40112,lgacbffb11990f2
school-40113,lgaed3a2c35aa46
school-40114,lgaed3a2c35aa46
school-40115,lgaed3a2c35aa46
school-40116,lgaed3a2c35aa46
school-40119,lgaed3a2c35aa46
school-40123,lgaed3a2c35aa46
school-40125,lgaae8336fce317
school-40126,lgaae8336fce317
school-40127,lgaae8336fce317
school-40128,lgaae8336fce317
school-40129,lgaae8336fce317
school-40130,lgaae8336fce317
school-40131,lgaae8336fce317
school-40132,lgaae8336fce317
school-40133,lgaae8336fce317
school-40134,lgaae8336fce317
school-40135,lgaae8336fce317
school-40136,lgaae8336fce317
school-40137,lgaae8336fce317
school-40138,lgaaa6eb4f52653
school-40139,lgab1d61c9cb781
school-40140,lgab1d61c9cb781
school-40141,lgab1d61c9cb781
school-40142,lgab1d61c9cb781
school-40143,lgadc18daa4e36a
school-40144,lgadc18daa4e36a
school-40145,lgadc18daa4e36a
school-40146,lgadc18daa4e36a
school-40147,lgadc18daa4e36a
school-40148,lgaae8336fce317
school-40150,lgabc6e4e7e1d00
school-40153,lgac7699d4a3a85
school-40154,lgaf11c4f3e9ae0
school-40155,lgaf11c4f3e9ae0
school-40156,lgaf11c4f3e9ae0
school-40157,lgaf11c4f3e9ae0
school-40158,lgafe5600ae3561
school-40159,lgaf11c4f3e9ae0
school-40160,lgaf11c4f3e9ae0
school-40161,lgaf11c4f3e9ae0
school-40162,lgaf11c4f3e9ae0
school-40163,lgaf11c4f3e9ae0
school-40164,lgaf11c4f3e9ae0
school-40165,lga25332b122f1e
school-40166,lga25332b122f1e
school-40167,lga7acebfae7d77
school-40168,lga7acebfae7d77
school-40169,lga7acebfae7d77
school-40170,lgacc8be94156f0
school-40171,lgac7699d4a3a85
school-40172,lgac7699d4a3a85
school-40173,lgacc8be94156f0
school-40174,lgabc6e4e7e1d00
school-40175,lgabc6e4e7e1d00
school-40176,lgacc8be94156f0
school-40177,lgacc8be94156f0
school-40179,lgacc8be94156f0
school-40180,lgac20858fe9fc3
school-40182,lgad24c06095c0a
school-40183,lgac20858fe9fc3
school-40185,lgac20858fe9fc3
school-40187,lga3ec5fd5ac40a
school-40188,lga3ec5fd5ac40a
school-40189,lgab848eee26cd6
school-40190,lga3ec5fd5ac40a
school-40191,lga3ec5fd5ac40a
school-40192,lga3ec5fd5ac40a
school-40193,lga3ec5fd5ac40a
school-40194,lgad24c06095c0a
school-40195,lgab848eee26cd6
school-40196,lgab848eee26cd6
school-40197,lgab848eee26cd6
school-40198,lgab848eee26cd6
school-40200,lgab848eee26cd6
school-40203,lgaa33bbd294e17
school-40204,lgaa33bbd294e17
school-40205,lgaa33bbd294e17
school-40207,lga2319b5472a93
school-40208,lgaa33bbd294e17
school-40209,lgaa33bbd294e17
school-40210,lgaa33bbd294e17
school-40211,lga2319b5472a93
school-40212,lga501d6d4da5d2
school-40213,lga501d6d4da5d2
school-40214,lga501d6d4da5d2
school-40215,lga501d6d4da5d2
school-40216,lga501d6d4da5d2
school-40220,lga834b76840988
school-40221,lgaaa6eb4f52653
school-40222,lgaaa6eb4f52653
school-40223,lga5c99cd452105
school-40224,lga5c99cd452105
school-40225,lga5c99cd452105
school-40226,lga5c99cd452105
school-40228,lgaa522f0db671c
school-40229,lgaa522f0db671c
school-40230,lgadc18daa4e36a
school-40231,lga2319b5472a93
school-40232,lgaae8336fce317
school-40233,lga3ec5fd5ac40a
school-40234,lgaf11c4f3e9ae0
school-40235,lgacc8be94156f0
school-40236,lgaed3a2c35aa46
school-40237,lgacbffb11990f2
school-40238,lgacbffb11990f2
school-40239,lga20efe678919a
school-40240,lgafe5600ae3561
school-40241,lgadc18daa4e36a
school-40242,lgaed3a2c35aa46
school-40243,lgafe5600ae3561
school-40244,lgaf11c4f3e9ae0
school-40245,lgaed3a2c35aa46
school-40247,lgab1d61c9cb781
school-40249,lgaa522f0db671c
school-40250,lga3ec5fd5ac40a
school-40251,lgacc8be94156f0
school-40252,lgaa33bbd294e17
school-40253,lgacc8be94156f0
school-40254,lgaabfc45eea6db
school-40255,lgaae8336fce317
school-40257,lgadc18daa4e36a
school-40259,lgab9c7be05c331
school-40260,lgaf11c4f3e9ae0
school-40261,lga11f7bab2f676
school-40262,lgaf11c4f3e9ae0
school-40263,lgaf11c4f3e9ae0
school-40264,lgaa33bbd294e17
school-40265,lgacbffb11990f2
school-40266,lgaf11c4f3e9ae0
school-40269,lgaf11c4f3e9ae0
school-40270,lgaae8336fce317
school-40271,lga834b76840988
school-40272,lgadc18daa4e36a
school-40273,lgaae8336fce317
school-40275,lgadaad9912738b
school-40276,lga695a89c7b19b
school-40277,lga03a912e8133a
school-40280,lga5e8f0b6a35b1
school-40281,lgad15a5a116e04
school-40284,lgaa3e251e1feba
school-40289,lga6cd8632bd9ac
school-40290,lga86925da5ab9b
school-40294,lga1542e1fe6ca8
school-40295,lgaf74ff9036145
school-40296,lgae7983979ea71
school-40299,lga2996272c7e21
school-40309,lga5fa4aba46d55
school-40314,lga28e246b3a0dd
school-40316,lgab4b3f2fe7f57
school-40318,lga99e9c6a53cea
school-40319,act-territory
school-40320,act-territory
school-40321,act-territory
school-40322,act-territory
school-40325,act-territory
school-40326,act-territory
school-40327,act-territory
school-40328,act-territory
school-40329,act-territory
school-40330,act-territory
school-40331,act-territory
school-40332,act-territory
school-40333,act-territory
school-40334,act-territory
school-40337,lga744170e79f38
school-40338,lga744170e79f38
school-40339,lga8fa0b5da0f3d
school-40341,lga64eddfc50074
school-40342,lga30955180d2fa
school-40343,lga8fa0b5da0f3d
school-40344,lga744170e79f38
school-40345,lga744170e79f38
school-40346,lga744170e79f38
school-40347,lga8fa0b5da0f3d
school-40348,lgaaf6116dc31d4
school-40349,lga10f7407af335
school-40350,lga744170e79f38
school-40351,lga512c4490dfd7
school-40352,lga744170e79f38
school-40353,lga744170e79f38
school-40354,act-territory
school-40356,lga1FSamwQfor7X
school-40357,lgaed9e730476c1
school-40366,lga4ab258f19347
school-40367,lga539121ae6aa1
school-40369,lga7aa37c79c7ff
school-40372,lga945cdd1aa041
school-40374,lga81c3e6b6c380
school-40375,lgac6194db78942
school-40378,lgaf081be0c5dd7
school-40381,lga539121ae6aa1
school-40383,lgae1e88444b382
school-40384,lga14af0b5e48b8
school-40387,lga977c9605ab7d
school-40388,lgaf711db11e308
school-40392,lga0930e8ebad68
school-40393,lgae1dcbacb8510
school-40395,lga744d9df35829
school-40396,lga0930e8ebad68
school-40400,lga0930e8ebad68
school-40402,lgaf711db11e308
school-40406,lgaf76bb579e827
school-40408,lga8f7ed7c51d73
school-40409,lga18e02c07dc3d
school-40410,lga695a89c7b19b
school-40412,lga575ae7e97596
school-40421,lga39b8f2c918bf
school-40422,lga9b9a22037920
school-40424,lga11baf8370c20
school-40427,lga224186279c28
school-40429,lga79b8fe15ee4f
school-40430,lga0930e8ebad68
school-40433,lga638d2708b9ab
school-40434,lgaf4d7671cd990
school-40436,lgab64f14d6026f
school-40437,lga3c104304a892
school-40438,lgaf1f1eef13783
school-40440,lga1bf4b9703dd4
school-40441,lga605d8cdb0eb8
school-40443,lgaf11c4f3e9ae0
school-40444,lgacbffb11990f2
school-40445,lgaae8336fce317
school-40446,lgaf74ff9036145
school-40447,lga0ea91c482c93
school-40448,lga249121dcca41
school-40450,lgadfe21f7497cb
school-40452,lgab9f1c7ce8f4c
school-40487,lga408360683989
school-40492,lgaa5101cb3dc0e
school-40493,lgaf06f63452dec
school-40494,lgaa5101cb3dc0e
school-40496,lga4ab258f19347
school-40499,lgaa5101cb3dc0e
school-40500,lga744170e79f38
school-40512,lga5c7223f40d56
school-40513,lgacf41226610f4
school-40519,lga0450031d71ce
school-40522,lgacf41226610f4
school-40523,lgacf41226610f4
school-40524,lga695a89c7b19b
school-40525,lga695a89c7b19b
school-40526,lga2e3aa047bd58
school-40528,lga945cdd1aa041
school-40530,lga945cdd1aa041
school-40532,lga945cdd1aa041
school-40533,lga376d180b8860
school-40543,lga81c3e6b6c380
school-40545,lga3b472eeffd4e
school-40552,lga1a08aa92f8c2
school-40559,lgaf6fd06a65e40
school-40560,lgae13aad3a393a
school-40562,lgaee4000c6a5c1
school-40569,lga098f9fe7f215
school-40573,lga521465c2ad4a
school-40576,lga575ae7e97596
school-40584,lga136d886cbd2c
school-40588,lga5e8f0b6a35b1
school-40589,lgad6bfe80090c5
school-40592,lga7bca70489d34
school-40596,lgad6bfe80090c5
school-40597,lgaac2e88625ea2
school-40599,lga8e9c9fb4128c
school-40600,lgadf64019486fb
school-40601,lgacd1b80b93aa1
school-40604,lga6797770d0f66
school-40611,lgab418fd9e27ef
school-40613,lgad2283997d8bb
school-40615,lgaa0f71a56be3f
school-40617,lgac6194db78942
school-40618,lga376d180b8860
school-40620,lga53f7b61b0ed6
school-40621,lgac69cfd288672
school-40622,lga0cd900c07cca
school-40623,lga891e1f62b45e
school-40624,lga14af0b5e48b8
school-40626,lga4449559268d6
school-40629,lgae6f7bd562b36
school-40630,lgaed3a2c35aa46
school-40632,lgaed3a2c35aa46
school-40633,lga20e7710cab71
school-40635,lga86925da5ab9b
school-40636,lgabaf7923db3cd
school-40637,lgaef8006a5824e
school-40638,lgacf41226610f4
school-40643,lga3476c1d9fd7f
school-40644,lgab64f14d6026f
school-40646,lgab64f14d6026f
school-40647,lga20e7710cab71
school-40648,lgaa5101cb3dc0e
school-40649,lga1bf4b9703dd4
school-40650,lgae1e88444b382
school-40651,lga695a89c7b19b
school-40652,lgaf1f1eef13783
school-40654,lga03a912e8133a
school-40658,lgab65bc8ec7820
school-40660,lga19ee0d725d8c
school-40670,lgadbd419ff24e3
school-40671,lga512c4490dfd7
school-40672,lgaeea486bb6672
school-40674,lgaf33b3dd90e12
school-40676,lga2e987509b39d
school-40680,lga744170e79f38
school-40681,lga2e3aa047bd58
school-40683,lgac82127f201d7
school-40684,lga3ae8a31b9e30
school-40685,lgaf74ff9036145
school-40686,lgadf64019486fb
school-40687,lgaf711db11e308
school-40688,lga12bb9336429b
school-40689,lgaf76bb579e827
school-40691,lgaee0b3901a073
school-40692,lgacbffb11990f2
school-40693,lga511d862349e9
school-40695,lgae1dcbacb8510
school-40697,lga4ab258f19347
school-40698,lga2513fbdd7033
school-40699,lga68ed6b749934
school-40700,lga1FSamwQfor7X
school-40701,lgaf711db11e308
school-40703,lgacb39af3c4099
school-40704,lga249121dcca41
school-40706,lga09dd4fbbc477
school-40707,lgac20f675def30
school-40708,lga5e8f0b6a35b1
school-40709,lgad15a5a116e04
school-40710,lgac07fca595aa9
school-40711,lga06490af4f38a
school-40712,lga5971dfaf3433
school-40714,lgadd6ba71d5cd0
school-40719,lgae4cb9a1dd6df
school-40720,lgacf41226610f4
school-40721,lga1bf4b9703dd4
school-40724,lga945cdd1aa041
school-40725,lgac20f675def30
school-40726,lga4d167b5c075b
school-40727,lga1d9cab11a368
school-40728,lgab64f14d6026f
school-40735,lga4ab258f19347
school-40736,lgadd6ba71d5cd0
school-40737,lga0450031d71ce
school-40739,lga4ab258f19347
school-40741,lga521465c2ad4a
school-40742,lga18e5bcb45b78
school-40744,lgac6194db78942
school-40745,lgad764fa589d34
school-40746,lgae04a9b8beff3
school-40747,lga6ea491feb08f
school-40748,lgab59cd333b8fb
school-40749,lga35f80aa51641
school-40750,lga11ee462056ba
school-40751,lga8f7ed7c51d73
school-40752,lga7d9d7fde79ba
school-40753,lga88366278284a
school-40754,lga605d8cdb0eb8
school-40755,lgaf1f1eef13783
school-40756,lga03a912e8133a
school-40757,lgac6194db78942
school-40758,lga1bf4b9703dd4
school-40759,lgac20f675def30
school-40760,lgac8a09bf5509c
school-40761,lga945cdd1aa041
school-40762,lga6ea491feb08f
school-40763,lga4f3ca10078b8
school-40764,lgaf711db11e308
school-40765,lga6502ae8312bd
school-40766,lgae4cb9a1dd6df
school-40767,lgaf15ebed6de98
school-40769,lgaf711db11e308
school-40771,lgaf711db11e308
school-40773,lga376d180b8860
school-40778,lga68f11a29b468
school-40779,lga06490af4f38a
school-40780,lgaJ2LPN2y4pll0
school-40783,lga39b8f2c918bf
school-40786,lga53026dafea91
school-40787,lgaf711db11e308
school-40788,lga6ddd68314b4a
school-40789,lga12bb9336429b
school-40790,lga376d180b8860
school-40792,lga18e02c07dc3d
school-40795,lgaa5101cb3dc0e
school-40797,lga2myCy2EsI_Km
school-40798,lga16d82bd5306a
school-40801,lga695a89c7b19b
school-40802,lga605d8cdb0eb8
school-40803,lgaef8006a5824e
school-40804,lga09dd4fbbc477
school-40805,lgac6194db78942
school-40806,lgacf41226610f4
school-40807,lga0cd900c07cca
school-40808,lga945cdd1aa041
school-40809,lga5971dfaf3433
school-40810,lga11ee462056ba
school-40811,lgaf711db11e308
school-40814,lgae7983979ea71
school-40815,lgaaeff9c47295f
school-40818,lga6f3147bcaaee
school-40819,lga5c7223f40d56
school-40823,lga4449559268d6
school-40827,lgac030388b8cd2
school-40828,lga15c9c80d4be7
school-40829,lga66fa01403049
school-40830,lga511d862349e9
school-40831,lgae04a9b8beff3
school-40832,lga539121ae6aa1
school-40834,lga86925da5ab9b
school-40835,lga77d96c3addfd
school-40836,lgaa51eac91a650
school-40837,lgab3eac047a70e
school-40838,lgae1728aa315f4
school-40839,lgaed3a2c35aa46
school-40841,lgaed3a2c35aa46
school-40842,lgaf711db11e308
school-40843,lgafd22606d6b20
school-40844,lga570242050fb9
school-40845,lga4ab258f19347
school-40847,lgadf196edd3a41
school-40848,lga1a793093877f
school-40849,lga1bed9266d38b
school-40850,lga4ab258f19347
school-40851,lgaae260494d80c
school-40852,lga1d9cab11a368
school-40854,lga0f45891fa7ad
school-40855,lga0f45891fa7ad
school-40856,lga641dd61419d6
school-40857,lga5b48a02a6055
school-40858,lga2e3aa047bd58
school-40859,lga5b48a02a6055
school-40861,lga9b9a22037920
school-40862,lga0450031d71ce
school-40865,lga9bd137c30d17
school-40867,lgae1dcbacb8510
school-40868,lga53f7b61b0ed6
school-40869,lga0ea91c482c93
school-40870,lgaf711db11e308
school-40871,lgadfe21f7497cb
school-40872,lga9b7881f1ee35
school-40875,lga570242050fb9
school-40876,lgabbf72d87e377
school-40877,act-territory
school-40878,lgada11866a4071
school-40879,lgaeea486bb6672
school-40880,lgad15a5a116e04
school-40881,lgae7983979ea71
school-40882,lga570242050fb9
school-40883,lga8fb7499d80c3
school-40885,lgaef8006a5824e
school-40886,lga7aa37c79c7ff
school-40887,lga9b9a22037920
school-40888,lga5c7223f40d56
school-40889,lga5fa4aba46d55
school-40890,lgacbffb11990f2
school-40892,lgacf41226610f4
school-40893,lgaa5189b29870a
school-40894,lgae1dcbacb8510
school-40895,lgac030388b8cd2
school-40896,lga97d2265a79ce
school-40897,lgaa5101cb3dc0e
school-40898,lga8fa0b5da0f3d
school-40899,lga8fa0b5da0f3d
school-40900,lga2513fbdd7033
school-40901,lgacea61e3f056e
school-40902,lgacea61e3f056e
school-40903,lgacea61e3f056e
school-40904,lgab64f14d6026f
school-40905,lgab64f14d6026f
school-40906,lga3cd9f2694391
school-40907,lga945cdd1aa041
school-40910,lga68ed6b749934
school-40911,lgaa7208507e0f1
school-40912,lgab93ffe27bc7d
school-40915,lga4b54ad6025be
school-40917,lgaf711db11e308
school-40919,lga5971dfaf3433
school-40920,lgaa70ee11ecfe2
school-40921,lga0f45891fa7ad
school-40923,lga5c7223f40d56
school-40925,lgab9a0794b42cb
school-40926,lgaee0b3901a073
school-40927,lga20b55ec935eb
school-40928,lgaf72648a14c99
school-40929,lgabbf72d87e377
school-40930,lgad15a5a116e04
school-40931,lga12bb9336429b
school-40933,lgacea61e3f056e
school-40934,lga695a89c7b19b
school-40938,lga53026dafea91
school-40939,lgace51bb223ee3
school-40940,lga2myCy2EsI_Km
school-40941,lga58f09d37a397
school-40945,lga5e8f0b6a35b1
school-40946,lga1a793093877f
school-40949,lga12bb9336429b
school-40950,lgac69cfd288672
school-40951,lgae7983979ea71
school-40952,lga5bf1a288038c
school-40956,lgacddbacde759d
school-40957,lgacddbacde759d
school-40958,lga10f7407af335
school-40960,lgaa5189b29870a
school-40961,lgafd22606d6b20
school-40963,lgadc18daa4e36a
school-40964,act-territory
school-40965,lgaa70ee11ecfe2
school-40966,lga39b8f2c918bf
school-40967,lgabaf7923db3cd
school-40968,lgaf711db11e308
school-40970,lgac69cfd288672
school-40971,lga2myCy2EsI_Km
school-40975,act-territory
school-40977,lga570242050fb9
school-40978,lgabaf7923db3cd
school-40979,lgacf41226610f4
school-40980,lgaaeff9c47295f
school-40981,lga9bd137c30d17
school-40983,lga4449559268d6
school-40986,lga39b8f2c918bf
school-40987,lgaf06f63452dec
school-40988,lgaa5101cb3dc0e
school-40989,lgaa5101cb3dc0e
school-40990,lgacf41226610f4
school-40991,lgaa5101cb3dc0e
school-40992,lga695a89c7b19b
school-40993,lga0f45891fa7ad
school-40994,lga2e3aa047bd58
school-40995,lgaa5101cb3dc0e
school-40996,lga2e3aa047bd58
school-40997,lga7aa37c79c7ff
school-40998,lga695a89c7b19b
school-40999,lga695a89c7b19b
school-41000,lga7aa37c79c7ff
school-41001,lgaa5101cb3dc0e
school-41002,lgacf41226610f4
school-41003,lgac6194db78942
school-41004,lga695a89c7b19b
school-41005,lga2e3aa047bd58
school-41006,lgacf41226610f4
school-41007,lga7aa37c79c7ff
school-41008,lgac6194db78942
school-41009,lga2e3aa047bd58
school-41010,lga09dd4fbbc477
school-41011,lgac6194db78942
school-41012,lga605d8cdb0eb8
school-41013,lga0f45891fa7ad
school-41014,lgaf06f63452dec
school-41015,lgacf41226610f4
school-41016,lgac6194db78942
school-41017,lgaf06f63452dec
school-41018,lga605d8cdb0eb8
school-41019,lga605d8cdb0eb8
school-41020,lga0f45891fa7ad
school-41021,lgac6194db78942
school-41022,lgaa5101cb3dc0e
school-41023,lgac6194db78942
school-41024,lga2e3aa047bd58
school-41025,lga2e3aa047bd58
school-41026,lgaa5101cb3dc0e
school-41027,lga09dd4fbbc477
school-41028,lga2e3aa047bd58
school-41029,lga695a89c7b19b
school-41030,lga695a89c7b19b
school-41031,lgac6194db78942
school-41032,lga09dd4fbbc477
school-41033,lga09dd4fbbc477
school-41034,lga09dd4fbbc477
school-41035,lga695a89c7b19b
school-41036,lga695a89c7b19b
school-41037,lgac6194db78942
school-41038,lgac6194db78942
school-41039,lga2e3aa047bd58
school-41040,lga605d8cdb0eb8
school-41041,lga9b1c2432d8c0
school-41042,lga2e3aa047bd58
school-41043,lgaa5101cb3dc0e
school-41044,lga2e3aa047bd58
school-41045,lga2e3aa047bd58
school-41046,lga09dd4fbbc477
school-41047,lga695a89c7b19b
school-41048,lga0f45891fa7ad
school-41049,lgaa5101cb3dc0e
school-41050,lga2e3aa047bd58
school-41051,lgaa5101cb3dc0e
school-41052,lgac6194db78942
school-41053,lgac6194db78942
school-41054,lgac6194db78942
school-41055,lga605d8cdb0eb8
school-41056,lgacf41226610f4
school-41057,lga0f45891fa7ad
school-41058,lgac6194db78942
school-41059,lga695a89c7b19b
school-41060,lgac6194db78942
school-41061,lgac6194db78942
school-41062,lga09dd4fbbc477
school-41063,lgac6194db78942
school-41064,lgac6194db78942
school-41065,lga2e3aa047bd58
school-41066,lga2e3aa047bd58
school-41067,lga2e3aa047bd58
school-41068,lgac6194db78942
school-41069,lgac6194db78942
school-41070,lga695a89c7b19b
school-41071,lgaa5101cb3dc0e
school-41072,lgacf41226610f4
school-41073,lgac6194db78942
school-41074,lga695a89c7b19b
school-41075,lgac6194db78942
school-41076,lga605d8cdb0eb8
school-41077,lgaa5101cb3dc0e
school-41078,lgaa5101cb3dc0e
school-41079,lgaa5101cb3dc0e
school-41080,lga7aa37c79c7ff
school-41081,lgac6194db78942
school-41082,lgac6194db78942
school-41083,lgac6194db78942
school-41084,lga2e3aa047bd58
school-41085,lgac6194db78942
school-41086,lga2e3aa047bd58
school-41087,lga09dd4fbbc477
school-41088,lgac6194db78942
school-41089,lgac6194db78942
school-41090,lgac6194db78942
school-41091,lgac6194db78942
school-41092,lgac6194db78942
school-41093,lga605d8cdb0eb8
school-41094,lgac6194db78942
school-41095,lgac6194db78942
school-41096,lga09dd4fbbc477
school-41097,lgac6194db78942
school-41098,lgac6194db78942
school-41099,lgac6194db78942
school-41100,lga09dd4fbbc477
school-41101,lga2e3aa047bd58
school-41102,lgaa5101cb3dc0e
school-41103,lgac6194db78942
school-41104,lgac6194db78942
school-41105,lgac6194db78942
school-41106,lgaa5101cb3dc0e
school-41107,lgaa5101cb3dc0e
school-41108,lgac6194db78942
school-41109,lga695a89c7b19b
school-41110,lgac6194db78942
school-41111,lgaa5101cb3dc0e
school-41112,lga605d8cdb0eb8
school-41113,lgac6194db78942
school-41114,lga605d8cdb0eb8
school-41115,lgac6194db78942
school-41116,lgacf41226610f4
school-41117,lgaa5101cb3dc0e
school-41118,lgac6194db78942
school-41119,lga605d8cdb0eb8
school-41120,lga695a89c7b19b
school-41121,lgac6194db78942
school-41122,lga695a89c7b19b
school-41123,lga2e3aa047bd58
school-41124,lgac6194db78942
school-41125,lga7aa37c79c7ff
school-41126,lgac6194db78942
school-41127,lga2e3aa047bd58
school-41128,lgacf41226610f4
school-41129,lga695a89c7b19b
school-41130,lgaa5101cb3dc0e
school-41131,lga695a89c7b19b
school-41132,lga7aa37c79c7ff
school-41133,lga605d8cdb0eb8
school-41134,lgadd72d6dc964c
school-41135,lgadd72d6dc964c
school-41136,lga695a89c7b19b
school-41137,lga605d8cdb0eb8
school-41138,lga605d8cdb0eb8
school-41139,lga605d8cdb0eb8
school-41140,lgaa5101cb3dc0e
school-41141,lga09dd4fbbc477
school-41142,lga605d8cdb0eb8
school-41143,lga605d8cdb0eb8
school-41144,lgaa5101cb3dc0e
school-41145,lgaa5101cb3dc0e
school-41146,lga0f45891fa7ad
school-41147,lgaa5101cb3dc0e
school-41148,lga695a89c7b19b
school-41149,lga605d8cdb0eb8
school-41150,lga605d8cdb0eb8
school-41151,lga695a89c7b19b
school-41152,lga605d8cdb0eb8
school-41153,lgadd72d6dc964c
school-41154,lga09dd4fbbc477
school-41155,lga09dd4fbbc477
school-41156,lgacf41226610f4
school-41157,lgac6194db78942
school-41158,lga2e3aa047bd58
school-41159,lgac6194db78942
school-41160,lga695a89c7b19b
school-41161,lgac6194db78942
school-41162,lga2e3aa047bd58
school-41163,lga09dd4fbbc477
school-41164,lgac6194db78942
school-41165,lga695a89c7b19b
school-41166,lgac6194db78942
school-41167,lga605d8cdb0eb8
school-41168,lga695a89c7b19b
school-41169,lgac6194db78942
school-41170,lgac6194db78942
school-41171,lga2e3aa047bd58
school-41172,lgac6194db78942
school-41173,lgac6194db78942
school-41174,lgac6194db78942
school-41175,lgac6194db78942
school-41176,lgaa5101cb3dc0e
school-41177,lgaa5101cb3dc0e
school-41178,lgaa5101cb3dc0e
school-41179,lgaa5101cb3dc0e
school-41180,lga605d8cdb0eb8
school-41181,lgaa5101cb3dc0e
school-41182,lga09dd4fbbc477
school-41183,lga7aa37c79c7ff
school-41184,lga605d8cdb0eb8
school-41185,lgac6194db78942
school-41186,lga605d8cdb0eb8
school-41187,lgacf41226610f4
school-41188,lga2e3aa047bd58
school-41189,lgaa5101cb3dc0e
school-41190,lgaa5101cb3dc0e
school-41191,lgac6194db78942
school-41192,lga2e3aa047bd58
school-41193,lga695a89c7b19b
school-41194,lga8f7ed7c51d73
school-41195,lgaef8006a5824e
school-41196,lga8f7ed7c51d73
school-41197,lga4ab258f19347
school-41198,lga8f7ed7c51d73
school-41199,lga8f7ed7c51d73
school-41200,lgaf99ae76baba3
school-41201,lga8f7ed7c51d73
school-41202,lga4ab258f19347
school-41203,lga570242050fb9
school-41204,lgae04a9b8beff3
school-41205,lga8f7ed7c51d73
school-41206,lga4ab258f19347
school-41207,lgae04a9b8beff3
school-41208,lga5971dfaf3433
school-41209,lga5971dfaf3433
school-41210,lga20e7710cab71
school-41211,lga4ab258f19347
school-41212,lga8f7ed7c51d73
school-41213,lga20e7710cab71
school-41214,lgae04a9b8beff3
school-41215,lga8f7ed7c51d73
school-41216,lga83ebf8381de8
school-41217,lga4ab258f19347
school-41218,lgae04a9b8beff3
school-41219,lgaf99ae76baba3
school-41220,lgae04a9b8beff3
school-41221,lga83ebf8381de8
school-41222,lga539121ae6aa1
school-41223,lga539121ae6aa1
school-41224,lga4ab258f19347
school-41225,lga8f7ed7c51d73
school-41226,lga9b7881f1ee35
school-41227,lga4ab258f19347
school-41228,lga4ab258f19347
school-41229,lga570242050fb9
school-41230,lga4ab258f19347
school-41231,lga8f7ed7c51d73
school-41232,lgaef8006a5824e
school-41233,lga5971dfaf3433
school-41234,lga570242050fb9
school-41235,lga8f7ed7c51d73
school-41236,lga8f7ed7c51d73
school-41237,lga20e7710cab71
school-41238,lga539121ae6aa1
school-41239,lga20e7710cab71
school-41240,lga20e7710cab71
school-41241,lga20e7710cab71
school-41242,lga4ab258f19347
school-41243,lga539121ae6aa1
school-41244,lga8f7ed7c51d73
school-41245,lga539121ae6aa1
school-41246,lgaef8006a5824e
school-41247,lgae04a9b8beff3
school-41248,lga4ab258f19347
school-41249,lga4ab258f19347
school-41250,lga539121ae6aa1
school-41251,lga4ab258f19347
school-41252,lga4ab258f19347
school-41253,lga539121ae6aa1
school-41254,lga5971dfaf3433
school-41255,lga539121ae6aa1
school-41256,lga20e7710cab71
school-41257,lga20e7710cab71
school-41258,lga8f7ed7c51d73
school-41259,lga4ab258f19347
school-41260,lga83ebf8381de8
school-41261,lga539121ae6aa1
school-41262,lgaef8006a5824e
school-41263,lga4ab258f19347
school-41264,lga539121ae6aa1
school-41265,lga4ab258f19347
school-41266,lga539121ae6aa1
school-41267,lga4ab258f19347
school-41268,lga4ab258f19347
school-41269,lga4ab258f19347
school-41270,lga539121ae6aa1
school-41271,lgaef8006a5824e
school-41272,lga4ab258f19347
school-41273,lga4ab258f19347
school-41274,lga5971dfaf3433
school-41275,lga20e7710cab71
school-41276,lga8f7ed7c51d73
school-41277,lga20e7710cab71
school-41278,lga20e7710cab71
school-41279,lga8f7ed7c51d73
school-41280,lga4ab258f19347
school-41281,lga4ab258f19347
school-41282,lga4ab258f19347
school-41283,lga4ab258f19347
school-41284,lga20e7710cab71
school-41285,lga8f7ed7c51d73
school-41286,lga8f7ed7c51d73
school-41287,lga8f7ed7c51d73
school-41288,lga539121ae6aa1
school-41289,lga539121ae6aa1
school-41290,lga5971dfaf3433
school-41291,lga539121ae6aa1
school-41292,lga4ab258f19347
school-41293,lga8f7ed7c51d73
school-41294,lga4ab258f19347
school-41295,lgae04a9b8beff3
school-41296,lga4ab258f19347
school-41297,lga539121ae6aa1
school-41298,lga5971dfaf3433
school-41299,lga4ab258f19347
school-41300,lga8f7ed7c51d73
school-41301,lga8f7ed7c51d73
school-41302,lga4ab258f19347
school-41303,lga8f7ed7c51d73
school-41304,lgae04a9b8beff3
school-41305,lga8f7ed7c51d73
school-41306,lga8f7ed7c51d73
school-41307,lga9b7881f1ee35
school-41308,lga4ab258f19347
school-41309,lga539121ae6aa1
school-41310,lgaef8006a5824e
school-41311,lga4ab258f19347
school-41312,lga8f7ed7c51d73
school-41313,lga4ab258f19347
school-41314,lga5971dfaf3433
school-41315,lga539121ae6aa1
school-41316,lgaef8006a5824e
school-41317,lga20e7710cab71
school-41318,lga9b7881f1ee35
school-41319,lga8f7ed7c51d73
school-41320,lga570242050fb9
school-41321,lga570242050fb9
school-41322,lgaef8006a5824e
school-41323,lgaf99ae76baba3
school-41324,lga8f7ed7c51d73
school-41325,lga8f7ed7c51d73
school-41326,lga8f7ed7c51d73
school-41327,lga20e7710cab71
school-41328,lgaef8006a5824e
school-41329,lgaf99ae76baba3
school-41330,lga8f7ed7c51d73
school-41331,lga9b7881f1ee35
school-41332,lga4ab258f19347
school-41333,lga4ab258f19347
school-41334,lgae04a9b8beff3
school-41335,lga539121ae6aa1
school-41336,lga20e7710cab71
school-41337,lga539121ae6aa1
school-41338,lga4ab258f19347
school-41339,lga539121ae6aa1
school-41340,lga8f7ed7c51d73
school-41341,lga5971dfaf3433
school-41342,lga4ab258f19347
school-41343,lga539121ae6aa1
school-41344,lga4ab258f19347
school-41345,lga8f7ed7c51d73
school-41346,lga5971dfaf3433
school-41347,lga4ab258f19347
school-41348,lga4ab258f19347
school-41349,lga4ab258f19347
school-41350,lga8f7ed7c51d73
school-41351,lga4ab258f19347
school-41352,lga4ab258f19347
school-41353,lga20e7710cab71
school-41354,lga6ea491feb08f
school-41355,lga5c7223f40d56
school-41356,lga5c7223f40d56
school-41357,lga11ee462056ba
school-41359,lgacf41226610f4
school-41360,lgacf41226610f4
school-41361,lga6ea491feb08f
school-41362,lgacf41226610f4
school-41363,lgacf41226610f4
school-41364,lgacf41226610f4
school-41365,lga5c7223f40d56
school-41366,lga5c7223f40d56
school-41367,lga06490af4f38a
school-41368,lga11ee462056ba
school-41369,lgadd72d6dc964c
school-41370,lga6ea491feb08f
school-41371,lga06490af4f38a
school-41372,lga2a2057496fb7
school-41373,lgae1e88444b382
school-41374,lgacf41226610f4
school-41375,lga06490af4f38a
school-41376,lga6ea491feb08f
school-41377,lga11ee462056ba
school-41378,lga2a2057496fb7
school-41379,lgaf06f63452dec
school-41380,lgaf06f63452dec
school-41381,lga6ea491feb08f
school-41382,lgacf41226610f4
school-41383,lgadd72d6dc964c
school-41384,lga06490af4f38a
school-41385,lga06490af4f38a
school-41386,lgae1e88444b382
school-41387,lga5c7223f40d56
school-41388,lga5c7223f40d56
school-41389,lga11ee462056ba
school-41390,lga5c7223f40d56
school-41391,lga11ee462056ba
school-41392,lga5b48a02a6055
school-41393,lga06490af4f38a
school-41394,lga11ee462056ba
school-41395,lgae1e88444b382
school-41396,lgae1e88444b382
school-41397,lgacf41226610f4
school-41398,lga5c7223f40d56
school-41399,lga5c7223f40d56
school-41400,lgacf41226610f4
school-41401,lgae1e88444b382
school-41402,lgaf06f63452dec
school-41403,lga6ea491feb08f
school-41404,lga06490af4f38a
school-41405,lga2a2057496fb7
school-41406,lga6ea491feb08f
school-41407,lga6ea491feb08f
school-41408,lga06490af4f38a
school-41409,lgacf41226610f4
school-41410,lga6ea491feb08f
school-41411,lga11ee462056ba
school-41412,lgacf41226610f4
school-41413,lga2a2057496fb7
school-41414,lgacf41226610f4
school-41415,lgacf41226610f4
school-41416,lga2a2057496fb7
school-41417,lga06490af4f38a
school-41418,lga06490af4f38a
school-41419,lgaf06f63452dec
school-41420,lga5b48a02a6055
school-41421,lga6ea491feb08f
school-41422,lga6ea491feb08f
school-41423,lga06490af4f38a
school-41424,lga6ea491feb08f
school-41425,lga11ee462056ba
school-41426,lga06490af4f38a
school-41427,lga11ee462056ba
school-41428,lgacf41226610f4
school-41429,lgacf41226610f4
school-41430,lgacf41226610f4
school-41431,lgacf41226610f4
school-41432,lgacf41226610f4
school-41433,lga5b48a02a6055
school-41434,lgacf41226610f4
school-41435,lga11ee462056ba
school-41436,lgacf41226610f4
school-41437,lgacf41226610f4
school-41438,lgacf41226610f4
school-41439,lgacf41226610f4
school-41440,lgacf41226610f4
school-41441,lga06490af4f38a
school-41442,lgacf41226610f4
school-41443,lga06490af4f38a
school-41444,lga06490af4f38a
school-41445,lga5c7223f40d56
school-41446,lga06490af4f38a
school-41447,lgacf41226610f4
school-41448,lgacf41226610f4
school-41449,lgacf41226610f4
school-41450,lgae1e88444b382
school-41451,lgacf41226610f4
school-41452,lgae1e88444b382
school-41453,lga06490af4f38a
school-41454,lgacf41226610f4
school-41455,lgacf41226610f4
school-41456,lgae1e88444b382
school-41457,lgacf41226610f4
school-41458,lgacf41226610f4
school-41459,lga11ee462056ba
school-41460,lga11ee462056ba
school-41461,lga06490af4f38a
school-41462,lgacf41226610f4
school-41463,lgae1e88444b382
school-41464,lga11ee462056ba
school-41465,lga2a2057496fb7
school-41466,lga11ee462056ba
school-41467,lga11ee462056ba
school-41468,lgae1e88444b382
school-41469,lga5c7223f40d56
school-41470,lga06490af4f38a
school-41471,lga11ee462056ba
school-41472,lga5c7223f40d56
school-41473,lga11ee462056ba
school-41474,lga11ee462056ba
school-41475,lga11ee462056ba
school-41476,lgacf41226610f4
school-41477,lga11ee462056ba
school-41478,lga06490af4f38a
school-41479,lga11ee462056ba
school-41480,lga06490af4f38a
school-41481,lga11ee462056ba
school-41482,lgae1e88444b382
school-41483,lga11ee462056ba
school-41484,lgae1e88444b382
school-41485,lgae1e88444b382
school-41486,lgae1e88444b382
school-41487,lga2a2057496fb7
school-41488,lga06490af4f38a
school-41489,lga5c7223f40d56
school-41490,lgae1e88444b382
school-41491,lgae1e88444b382
school-41492,lgae1e88444b382
school-41493,lgae1e88444b382
school-41494,lgae1e88444b382
school-41495,lgae1e88444b382
school-41496,lgacf41226610f4
school-41497,lga11ee462056ba
school-41498,lgae1e88444b382
school-41499,lgae1e88444b382
school-41500,lgae1e88444b382
school-41501,lgae1e88444b382
school-41502,lgae1e88444b382
school-41503,lgae1e88444b382
school-41504,lgae1e88444b382
school-41505,lgae1e88444b382
school-41506,lga06490af4f38a
school-41507,lgacf41226610f4
school-41508,lga06490af4f38a
school-41509,lgae1e88444b382
school-41510,lga06490af4f38a
school-41511,lga06490af4f38a
school-41512,lgae1e88444b382
school-41513,lga06490af4f38a
school-41514,lgae1e88444b382
school-41515,lga06490af4f38a
school-41516,lga2a2057496fb7
school-41517,lgae1e88444b382
school-41518,lga11ee462056ba
school-41519,lga2a2057496fb7
school-41520,lga11ee462056ba
school-41521,lga2a2057496fb7
school-41522,lga5971dfaf3433
school-41523,lga2a2057496fb7
school-41524,lga11ee462056ba
school-41525,lga11ee462056ba
school-41526,lga2a2057496fb7
school-41527,lga11ee462056ba
school-41528,lgacf41226610f4
school-41529,lga5c7223f40d56
school-41530,lga06490af4f38a
school-41531,lga5c7223f40d56
school-41532,lga5b48a02a6055
school-41533,lgae1e88444b382
school-41534,lgae1e88444b382
school-41535,lgacf41226610f4
school-41536,lgae1e88444b382
school-41537,lgacf41226610f4
school-41538,lgacf41226610f4
school-41539,lga11ee462056ba
school-41540,lga11ee462056ba
school-41541,lga5c7223f40d56
school-41542,lgacf41226610f4
school-41543,lga9b1c2432d8c0
school-41544,lga06490af4f38a
school-41545,lgaf06f63452dec
school-41546,lgae1e88444b382
school-41547,lgae1e88444b382
school-41548,lgae1e88444b382
school-41549,lgae1e88444b382
school-41550,lgacf41226610f4
school-41551,lga5c7223f40d56
school-41552,lgacf41226610f4
school-41553,lga11ee462056ba
school-41554,lgae1e88444b382
school-41555,lga5b48a02a6055
school-41556,lga5b48a02a6055
school-41557,lga11ee462056ba
school-41558,lgae1e88444b382
school-41559,lgacf41226610f4
school-41560,lga11ee462056ba
school-41561,lgacf41226610f4
school-41562,lgacf41226610f4
school-41563,lga06490af4f38a
school-41564,lgacf41226610f4
school-41565,lga6ea491feb08f
school-41566,lga2a2057496fb7
school-41567,lgacf41226610f4
school-41568,lga5c7223f40d56
school-41569,lgacf41226610f4
school-41570,lga5b48a02a6055
school-41571,lga5c7223f40d56
school-41572,lgacf41226610f4
school-41573,lga2e3aa047bd58
school-41574,lga06490af4f38a
school-41575,lgae1e88444b382
school-41576,lgacf41226610f4
school-41577,lgacf41226610f4
school-41578,lga11ee462056ba
school-41579,lga2a2057496fb7
school-41580,lga11ee462056ba
school-41581,lgacf41226610f4
school-41582,lga06490af4f38a
school-41583,lga06490af4f38a
school-41584,lga11ee462056ba
school-41585,lga11ee462056ba
school-41586,lgacf41226610f4
school-41587,lga11ee462056ba
school-41588,lga5c7223f40d56
school-41589,lga5c7223f40d56
school-41590,lga06490af4f38a
school-41591,lga11ee462056ba
school-41592,lga11ee462056ba
school-41593,lga11ee462056ba
school-41594,lgae1e88444b382
school-41595,lgae1e88444b382
school-41596,lga11ee462056ba
school-41597,lga2a2057496fb7
school-41598,lga06490af4f38a
school-41599,lgae1e88444b382
school-41600,lgaf06f63452dec
school-41601,lga06490af4f38a
school-41602,lgae1e88444b382
school-41603,lgae1e88444b382
school-41604,lga06490af4f38a
school-41605,lga11ee462056ba
school-41606,lgae1e88444b382
school-41607,lgae1e88444b382
school-41608,lgae1e88444b382
school-41609,lga06490af4f38a
school-41610,lga2a2057496fb7
school-41611,lgae1e88444b382
school-41612,lgacf41226610f4
school-41613,lga5c7223f40d56
school-41614,lgacf41226610f4
school-41615,lgacf41226610f4
school-41616,lga88366278284a
school-41617,lgaa70ee11ecfe2
school-41618,lgaa70ee11ecfe2
school-41619,lga88366278284a
school-41620,lga5971dfaf3433
school-41621,lga88366278284a
school-41622,lgab64f14d6026f
school-41623,lga88366278284a
school-41624,lgab64f14d6026f
school-41625,lgab64f14d6026f
school-41626,lga88366278284a
school-41627,lgaf1f1eef13783
school-41628,lgae04a9b8beff3
school-41629,lga88366278284a
school-41630,lga5c7223f40d56
school-41631,lgaa70ee11ecfe2
school-41632,lga88366278284a
school-41633,lga5c7223f40d56
school-41634,lgae04a9b8beff3
school-41635,lgaf1f1eef13783
school-41636,lga88366278284a
school-41637,lga88366278284a
school-41638,lga88366278284a
school-41639,lga88366278284a
school-41640,lgaa70ee11ecfe2
school-41641,lgaa70ee11ecfe2
school-41642,lgaf1f1eef13783
school-41643,lgaf1f1eef13783
school-41644,lgaf1f1eef13783
school-41645,lga88366278284a
school-41646,lga88366278284a
school-41647,lgae04a9b8beff3
school-41648,lgab64f14d6026f
school-41649,lgab64f14d6026f
school-41650,lgaa70ee11ecfe2
school-41651,lgaa70ee11ecfe2
school-41652,lgaf1f1eef13783
school-41653,lga5971dfaf3433
school-41654,lga88366278284a
school-41655,lgaf1f1eef13783
school-41656,lgab64f14d6026f
school-41657,lga5971dfaf3433
school-41658,lga5971dfaf3433
school-41659,lga5971dfaf3433
school-41660,lgaf1f1eef13783
school-41661,lga88366278284a
school-41662,lgab64f14d6026f
school-41663,lgab64f14d6026f
school-41664,lgaf1f1eef13783
school-41665,lga88366278284a
school-41666,lgab64f14d6026f
school-41667,lgae04a9b8beff3
school-41668,lga5971dfaf3433
school-41669,lgaf1f1eef13783
school-41670,lgab64f14d6026f
school-41671,lgab64f14d6026f
school-41672,lgaa70ee11ecfe2
school-41673,lga5971dfaf3433
school-41674,lgab64f14d6026f
school-41675,lgaf1f1eef13783
school-41676,lgaa70ee11ecfe2
school-41677,lga5c7223f40d56
school-41678,lga88366278284a
school-41679,lga88366278284a
school-41680,lgae04a9b8beff3
school-41681,lga6ea491feb08f
school-41682,lga5971dfaf3433
school-41683,lgaa70ee11ecfe2
school-41684,lga5c7223f40d56
school-41685,lgab64f14d6026f
school-41686,lgaa70ee11ecfe2
school-41687,lga5c7223f40d56
school-41688,lga5c7223f40d56
school-41689,lga88366278284a
school-41690,lga5971dfaf3433
school-41691,lgaf1f1eef13783
school-41692,lgab64f14d6026f
school-41693,lgaf1f1eef13783
school-41694,lgab64f14d6026f
school-41695,lga88366278284a
school-41696,lga5971dfaf3433
school-41697,lga5971dfaf3433
school-41698,lgab64f14d6026f
school-41699,lga5971dfaf3433
school-41700,lga5971dfaf3433
school-41701,lgaf1f1eef13783
school-41702,lgaf1f1eef13783
school-41703,lga5971dfaf3433
school-41704,lgab64f14d6026f
school-41705,lgab64f14d6026f
school-41706,lgab64f14d6026f
school-41707,lgab64f14d6026f
school-41708,lgab64f14d6026f
school-41709,lgaa70ee11ecfe2
school-41710,lgaf1f1eef13783
school-41711,lgab64f14d6026f
school-41712,lga5971dfaf3433
school-41713,lgab64f14d6026f
school-41714,lgab64f14d6026f
school-41715,lgaf1f1eef13783
school-41716,lgab64f14d6026f
school-41717,lgaf1f1eef13783
school-41718,lgab64f14d6026f
school-41719,lgab64f14d6026f
school-41720,lgaa70ee11ecfe2
school-41721,lgab64f14d6026f
school-41722,lgaf1f1eef13783
school-41723,lgaf1f1eef13783
school-41724,lgaa70ee11ecfe2
school-41725,lga5971dfaf3433
school-41726,lga5971dfaf3433
school-41727,lgab64f14d6026f
school-41728,lgab64f14d6026f
school-41729,lgae04a9b8beff3
school-41730,lga5971dfaf3433
school-41731,lgab64f14d6026f
school-41732,lga5c7223f40d56
school-41733,lgab64f14d6026f
school-41734,lga5971dfaf3433
school-41735,lgab64f14d6026f
school-41736,lgaa70ee11ecfe2
school-41737,lgaa70ee11ecfe2
school-41738,lgaa70ee11ecfe2
school-41739,lgae04a9b8beff3
school-41740,lgaf1f1eef13783
school-41741,lgab64f14d6026f
school-41742,lgab64f14d6026f
school-41743,lgab64f14d6026f
school-41744,lgab64f14d6026f
school-41745,lga88366278284a
school-41746,lgab64f14d6026f
school-41747,lgab64f14d6026f
school-41748,lga5971dfaf3433
school-41749,lgaf1f1eef13783
school-41750,lgaf1f1eef13783
school-41751,lgab64f14d6026f
school-41752,lgab64f14d6026f
school-41753,lgaf1f1eef13783
school-41754,lga88366278284a
school-41755,lgaf1f1eef13783
school-41756,lgab64f14d6026f
school-41757,lgab64f14d6026f
school-41758,lgaf1f1eef13783
school-41759,lgae04a9b8beff3
school-41760,lgaf1f1eef13783
school-41761,lgab64f14d6026f
school-41762,lgaf1f1eef13783
school-41763,lgaf1f1eef13783
school-41764,lgaf1f1eef13783
school-41765,lgaa70ee11ecfe2
school-41766,lgaf1f1eef13783
school-41767,lgaf1f1eef13783
school-41768,lgaa70ee11ecfe2
school-41769,lgaf1f1eef13783
school-41770,lgab64f14d6026f
school-41771,lgab64f14d6026f
school-41772,lgaf1f1eef13783
school-41773,lga88366278284a
school-41774,lgab64f14d6026f
school-41775,lgaf1f1eef13783
school-41776,lgab64f14d6026f
school-41777,lgab64f14d6026f
school-41778,lgab64f14d6026f
school-41779,lga88366278284a
school-41780,lgab64f14d6026f
school-41781,lgaf1f1eef13783
school-41782,lgaf1f1eef13783
school-41783,lgae04a9b8beff3
school-41784,lgaf1f1eef13783
school-41785,lgae04a9b8beff3
school-41786,lgab64f14d6026f
school-41787,lgae04a9b8beff3
school-41788,lgab64f14d6026f
school-41789,lgab64f14d6026f
school-41790,lgacf41226610f4
school-41791,lgae04a9b8beff3
school-41792,lga5971dfaf3433
school-41793,lgab64f14d6026f
school-41794,lgab64f14d6026f
school-41795,lgaf1f1eef13783
school-41796,lgab64f14d6026f
school-41797,lgab64f14d6026f
school-41798,lgab64f14d6026f
school-41799,lga5971dfaf3433
school-41800,lgab64f14d6026f
school-41801,lgaf1f1eef13783
school-41802,lga5971dfaf3433
school-41803,lga5971dfaf3433
school-41804,lga5971dfaf3433
school-41805,lgaa70ee11ecfe2
school-41806,lgaf1f1eef13783
school-41807,lga88366278284a
school-41808,lgab64f14d6026f
school-41809,lga5971dfaf3433
school-41810,lgab64f14d6026f
school-41811,lga5971dfaf3433
school-41812,lgab64f14d6026f
school-41813,lgab64f14d6026f
school-41814,lgaf1f1eef13783
school-41815,lgae04a9b8beff3
school-41816,lgaf1f1eef13783
school-41817,lga5c7223f40d56
school-41818,lga5971dfaf3433
school-41819,lga88366278284a
school-41820,lgab64f14d6026f
school-41821,lgab64f14d6026f
school-41822,lgab64f14d6026f
school-41823,lgab64f14d6026f
school-41824,lgaf1f1eef13783
school-41825,lgaa70ee11ecfe2
school-41826,lgaf1f1eef13783
school-41827,lgab64f14d6026f
school-41828,lgae04a9b8beff3
school-41829,lgae04a9b8beff3
school-41830,lgaf1f1eef13783
school-41831,lgab64f14d6026f
school-41832,lgae04a9b8beff3
school-41833,lga5c7223f40d56
school-41834,lgab64f14d6026f
school-41835,lgaf1f1eef13783
school-41836,lgaa70ee11ecfe2
school-41837,lga88366278284a
school-41838,lgab64f14d6026f
school-41839,lgae04a9b8beff3
school-41840,lgaf1f1eef13783
school-41841,lga88366278284a
school-41842,lgaf1f1eef13783
school-41843,lgaa70ee11ecfe2
school-41844,lgaf1f1eef13783
school-41845,lgaf1f1eef13783
school-41846,lgab64f14d6026f
school-41847,lga5971dfaf3433
school-41848,lga5971dfaf3433
school-41849,lga5971dfaf3433
school-41850,lgab64f14d6026f
school-41851,lgab64f14d6026f
school-41852,lga6878096e3730
school-41853,lga81c3e6b6c380
school-41854,lga945cdd1aa041
school-41855,lga54c309a48d69
school-41856,lga1bf4b9703dd4
school-41857,lgac07fca595aa9
school-41858,lgac07fca595aa9
school-41859,lga81c3e6b6c380
school-41860,lga6878096e3730
school-41861,lgac07fca595aa9
school-41862,lga945cdd1aa041
school-41863,lga1bf4b9703dd4
school-41864,lga81c3e6b6c380
school-41865,lga6878096e3730
school-41866,lga54c309a48d69
school-41867,lga376d180b8860
school-41868,lgac07fca595aa9
school-41869,lga81c3e6b6c380
school-41870,lgaec6b5514c536
school-41871,lga1bf4b9703dd4
school-41872,lgac07fca595aa9
school-41873,lga945cdd1aa041
school-41874,lga6878096e3730
school-41875,lga81c3e6b6c380
school-41876,lga81c3e6b6c380
school-41877,lga81c3e6b6c380
school-41878,lgac07fca595aa9
school-41879,lgad0c3084d5c41
school-41880,lgac07fca595aa9
school-41881,lgaf0c8381b1cf5
school-41883,lgac07fca595aa9
school-41884,lgac07fca595aa9
school-41885,lgad0c3084d5c41
school-41886,lga81c3e6b6c380
school-41887,lga81c3e6b6c380
school-41888,lga6878096e3730
school-41889,lga1bf4b9703dd4
school-41890,lga1bf4b9703dd4
school-41892,lga1bf4b9703dd4
school-41893,lga1bf4b9703dd4
school-41894,lga1bf4b9703dd4
school-41895,lgac07fca595aa9
school-41896,lgaf0c8381b1cf5
school-41897,lga376d180b8860
school-41898,lgad0c3084d5c41
school-41899,lga1bf4b9703dd4
school-41900,lgad0c3084d5c41
school-41901,lga81c3e6b6c380
school-41902,lga54c309a48d69
school-41903,lga1bf4b9703dd4
school-41904,lga376d180b8860
school-41905,lgac07fca595aa9
school-41906,lga54c309a48d69
school-41907,lga945cdd1aa041
school-41908,lgaec6b5514c536
school-41909,lga945cdd1aa041
school-41910,lga1bf4b9703dd4
school-41911,lga945cdd1aa041
school-41912,lga1bf4b9703dd4
school-41913,lga54c309a48d69
school-41914,lga81c3e6b6c380
school-41915,lga1bf4b9703dd4
school-41916,lgaec6b5514c536
school-41917,lga81c3e6b6c380
school-41918,lga1bf4b9703dd4
school-41919,lga81c3e6b6c380
school-41920,lga1bf4b9703dd4
school-41921,lga945cdd1aa041
school-41922,lga376d180b8860
school-41923,lga1bf4b9703dd4
school-41924,lga376d180b8860
school-41925,lga376d180b8860
school-41926,lgac07fca595aa9
school-41927,lgaf0c8381b1cf5
school-41928,lgad0c3084d5c41
school-41929,lga945cdd1aa041
school-41930,lga945cdd1aa041
school-41931,lga54c309a48d69
school-41932,lga945cdd1aa041
school-41933,lga6878096e3730
school-41934,lgac07fca595aa9
school-41935,lgaec6b5514c536
school-41936,lga376d180b8860
school-41937,lga81c3e6b6c380
school-41938,lga945cdd1aa041
school-41939,lgac07fca595aa9
school-41940,lga376d180b8860
school-41941,lga54c309a48d69
school-41942,lgaec6b5514c536
school-41943,lga81c3e6b6c380
school-41944,lga6878096e3730
school-41945,lgaf0c8381b1cf5
school-41946,lga1bf4b9703dd4
school-41947,lga54c309a48d69
school-41948,lga945cdd1aa041
school-41949,lga945cdd1aa041
school-41950,lgac07fca595aa9
school-41951,lga81c3e6b6c380
school-41952,lga1bf4b9703dd4
school-41953,lgad0c3084d5c41
school-41954,lga81c3e6b6c380
school-41955,lga1bf4b9703dd4
school-41956,lga81c3e6b6c380
school-41957,lga1bf4b9703dd4
school-41958,lga54c309a48d69
school-41959,lgac07fca595aa9
school-41961,lga54c309a48d69
school-41962,lga54c309a48d69
school-41963,lga945cdd1aa041
school-41964,lgaec6b5514c536
school-41965,lga1bf4b9703dd4
school-41967,lga945cdd1aa041
school-41968,lgac07fca595aa9
school-41969,lga1bf4b9703dd4
school-41970,lga376d180b8860
school-41971,lgac07fca595aa9
school-41972,lga1bf4b9703dd4
school-41973,lga376d180b8860
school-41974,lga945cdd1aa041
school-41975,lgac07fca595aa9
school-41976,lga1bf4b9703dd4
school-41977,lga1bf4b9703dd4
school-41978,lgad0c3084d5c41
school-41979,lga945cdd1aa041
school-41980,lgac07fca595aa9
school-41981,lgac07fca595aa9
school-41982,lga945cdd1aa041
school-41983,lgac07fca595aa9
school-41984,lga81c3e6b6c380
school-41986,lgac07fca595aa9
school-41987,lga1bf4b9703dd4
school-41988,lga1bf4b9703dd4
school-41989,lgac07fca595aa9
school-41990,lga54c309a48d69
school-41991,lgac07fca595aa9
school-41992,lga945cdd1aa041
school-41993,lga945cdd1aa041
school-41994,lga945cdd1aa041
school-41995,lgac07fca595aa9
school-41996,lgaf0c8381b1cf5
school-41997,lgac07fca595aa9
school-41998,lgac07fca595aa9
school-41999,lga945cdd1aa041
school-42000,lgac07fca595aa9
school-42001,lgac07fca595aa9
school-42002,lgac07fca595aa9
school-42003,lga945cdd1aa041
school-42004,lgac07fca595aa9
school-42005,lga376d180b8860
school-42006,lgac07fca595aa9
school-42007,lgac07fca595aa9
school-42008,lgac07fca595aa9
school-42009,lga1bf4b9703dd4
school-42010,lga54c309a48d69
school-42011,lgac07fca595aa9
school-42012,lgac07fca595aa9
school-42013,lgac07fca595aa9
school-42014,lga1bf4b9703dd4
school-42015,lga1bf4b9703dd4
school-42016,lga1bf4b9703dd4
school-42017,lga1bf4b9703dd4
school-42018,lga945cdd1aa041
school-42019,lgac07fca595aa9
school-42020,lgac07fca595aa9
school-42021,lgac07fca595aa9
school-42022,lga945cdd1aa041
school-42023,lga1bf4b9703dd4
school-42024,lgac07fca595aa9
school-42025,lgac07fca595aa9
school-42026,lgac07fca595aa9
school-42027,lga945cdd1aa041
school-42028,lgac07fca595aa9
school-42029,lgac07fca595aa9
school-42030,lgac07fca595aa9
school-42031,lga1bf4b9703dd4
school-42032,lga945cdd1aa041
school-42033,lga1bf4b9703dd4
school-42034,lgac07fca595aa9
school-42035,lga1bf4b9703dd4
school-42036,lgac07fca595aa9
school-42037,lga1bf4b9703dd4
school-42038,lgac07fca595aa9
school-42039,lga945cdd1aa041
school-42040,lga54c309a48d69
school-42041,lgac07fca595aa9
school-42043,lga1bf4b9703dd4
school-42044,lga1bf4b9703dd4
school-42045,lga945cdd1aa041
school-42046,lga1bf4b9703dd4
school-42047,lga1bf4b9703dd4
school-42048,lga376d180b8860
school-42049,lgac07fca595aa9
school-42050,lgaec6b5514c536
school-42051,lga1bf4b9703dd4
school-42052,lgaec6b5514c536
school-42053,lga1bf4b9703dd4
school-42054,lga1bf4b9703dd4
school-42055,lga376d180b8860
school-42056,lga1bf4b9703dd4
school-42058,lga1bf4b9703dd4
school-42059,lga54c309a48d69
school-42060,lga1bf4b9703dd4
school-42061,lga376d180b8860
school-42062,lga54c309a48d69
school-42063,lga1bf4b9703dd4
school-42064,lga1bf4b9703dd4
school-42065,lga1bf4b9703dd4
school-42066,lga54c309a48d69
school-42067,lga945cdd1aa041
school-42068,lga54c309a48d69
school-42069,lga945cdd1aa041
school-42070,lga1bf4b9703dd4
school-42071,lga1bf4b9703dd4
school-42072,lga376d180b8860
school-42073,lgac07fca595aa9
school-42074,lga945cdd1aa041
school-42075,lga1bf4b9703dd4
school-42077,lgac07fca595aa9
school-42078,lga376d180b8860
school-42079,lga945cdd1aa041
school-42080,lgac07fca595aa9
school-42081,lgac07fca595aa9
school-42082,lga1bf4b9703dd4
school-42083,lga1bf4b9703dd4
school-42084,lga945cdd1aa041
school-42085,lga6878096e3730
school-42086,lga945cdd1aa041
school-42087,lga81c3e6b6c380
school-42088,lga1bf4b9703dd4
school-42089,lga81c3e6b6c380
school-42090,lga1bf4b9703dd4
school-42091,lga376d180b8860
school-42092,lga376d180b8860
school-42093,lgaf0c8381b1cf5
school-42094,lga1bf4b9703dd4
school-42095,lga81c3e6b6c380
school-42096,lgaec6b5514c536
school-42097,lgac07fca595aa9
school-42098,lgac07fca595aa9
school-42099,lga54c309a48d69
school-42100,lgac07fca595aa9
school-42101,lga945cdd1aa041
school-42102,lga1bf4b9703dd4
school-42103,lga1bf4b9703dd4
school-42104,lga1bf4b9703dd4
school-42105,lga1bf4b9703dd4
school-42106,lga1bf4b9703dd4
school-42107,lgac07fca595aa9
school-42108,lgac07fca595aa9
school-42109,lga1bf4b9703dd4
school-42110,lga6878096e3730
school-42111,lgac07fca595aa9
school-42112,lgac07fca595aa9
school-42113,lga945cdd1aa041
school-42114,lga376d180b8860
school-42115,lgac07fca595aa9
school-42116,lga1bf4b9703dd4
school-42117,lgac07fca595aa9
school-42118,lga1bf4b9703dd4
school-42119,lgad0c3084d5c41
school-42120,lga945cdd1aa041
school-42121,lga54c309a48d69
school-42122,lga945cdd1aa041
school-42123,lga945cdd1aa041
school-42124,lga945cdd1aa041
school-42125,lga1bf4b9703dd4
school-42126,lga1bf4b9703dd4
school-42127,lga1bf4b9703dd4
school-42128,lga1bf4b9703dd4
school-42129,lga54c309a48d69
school-42130,lga1bf4b9703dd4
school-42131,lga376d180b8860
school-42132,lga81c3e6b6c380
school-42133,lga1bf4b9703dd4
school-42134,lga1bf4b9703dd4
school-42135,lga945cdd1aa041
school-42136,lgac07fca595aa9
school-42137,lgac07fca595aa9
school-42138,lgacd5e92fad2d8
school-42139,lgacd5e92fad2d8
school-42140,lga123b323d59f1
school-42141,lgac030388b8cd2
school-42142,lga142c33281bd2
school-42143,lga2e987509b39d
school-42144,lgaee0b3901a073
school-42145,lga18e02c07dc3d
school-42146,lga4774a2311524
school-42148,lgab59cd333b8fb
school-42149,lga35f80aa51641
school-42150,lgac030388b8cd2
school-42151,lga123b323d59f1
school-42152,lga35f80aa51641
school-42153,lga14af0b5e48b8
school-42154,lga2e987509b39d
school-42155,lga142c33281bd2
school-42156,lga14af0b5e48b8
school-42157,lga2e987509b39d
school-42158,
school-42159,lgab9f1c7ce8f4c
school-42160,lgaf047d6867b53
school-42161,lga123b323d59f1
school-42162,lga2e987509b39d
school-42163,lga2e987509b39d
school-42164,lgac030388b8cd2
school-42166,lga123b323d59f1
school-42167,lgacd5e92fad2d8
school-42168,lga35f80aa51641
school-42169,lgac030388b8cd2
school-42170,lgaf047d6867b53
school-42171,lga35f80aa51641
school-42172,lga2e987509b39d
school-42173,lgaee0b3901a073
school-42174,lgac030388b8cd2
school-42175,lga35f80aa51641
school-42176,lga35f80aa51641
school-42177,lga14af0b5e48b8
school-42178,lga142c33281bd2
school-42179,lga18e02c07dc3d
school-42180,lgac030388b8cd2
school-42181,lga2e987509b39d
school-42182,lga2e987509b39d
school-42183,lga123b323d59f1
school-42184,lgaee0b3901a073
school-42185,lgaf047d6867b53
school-42186,lga14af0b5e48b8
school-42187,lga14af0b5e48b8
school-42188,lga35f80aa51641
school-42189,lgaee0b3901a073
school-42190,lgaee0b3901a073
school-42191,lgac030388b8cd2
school-42192,lga4774a2311524
school-42193,lga14af0b5e48b8
school-42194,lgac030388b8cd2
school-42195,lgac030388b8cd2
school-42196,lga2e987509b39d
school-42197,lgaf047d6867b53
school-42199,lga7872e04f6637
school-42200,lga35f80aa51641
school-42201,lgaee0b3901a073
school-42202,lgac030388b8cd2
school-42203,lga35f80aa51641
school-42204,lgac030388b8cd2
school-42206,lga2e987509b39d
school-42208,lga35f80aa51641
school-42209,lgacd5e92fad2d8
school-42210,lgab9f1c7ce8f4c
school-42211,lga123b323d59f1
school-42212,lgaf047d6867b53
school-42213,lgac030388b8cd2
school-42214,lga5b1675a597d9
school-42215,lga2e987509b39d
school-42216,lga4774a2311524
school-42217,lga4774a2311524
school-42218,lgaee0b3901a073
school-42219,lga35f80aa51641
school-42220,lga35f80aa51641
school-42221,lga123b323d59f1
school-42222,lgaee0b3901a073
school-42223,lgaee0b3901a073
school-42224,lga4774a2311524
school-42225,lgaee0b3901a073
school-42226,lga2e987509b39d
school-42227,lga2e987509b39d
school-42228,lgaee0b3901a073
school-42229,lgaee0b3901a073
school-42230,lga18e02c07dc3d
school-42231,lga18e02c07dc3d
school-42232,lgaee0b3901a073
school-42233,lgacd5e92fad2d8
school-42234,lga35f80aa51641
school-42236,lga14af0b5e48b8
school-42237,lga4774a2311524
school-42238,lga4774a2311524
school-42239,lga18e02c07dc3d
school-42240,lga4774a2311524
school-42241,lga14af0b5e48b8
school-42242,lga2e987509b39d
school-42244,lga142c33281bd2
school-42245,lga2e987509b39d
school-42246,lga2e987509b39d
school-42247,lga35f80aa51641
school-42248,lga18e02c07dc3d
school-42249,lgaee0b3901a073
school-42250,lga35f80aa51641
school-42251,lga18e02c07dc3d
school-42252,lga14af0b5e48b8
school-42253,lgab9f1c7ce8f4c
school-42254,lgaf047d6867b53
school-42255,lgab9f1c7ce8f4c
school-42257,lga2e987509b39d
school-42258,lga35f80aa51641
school-42259,lga2e987509b39d
school-42260,lga2e987509b39d
school-42261,lga123b323d59f1
school-42262,lga142c33281bd2
school-42263,lgac030388b8cd2
school-42264,lga2e987509b39d
school-42265,lgab9f1c7ce8f4c
school-42266,lga14af0b5e48b8
school-42267,lgacd5e92fad2d8
school-42268,lga35f80aa51641
school-42269,lgaee0b3901a073
school-42270,lga2e987509b39d
school-42271,lga142c33281bd2
school-42272,lga14af0b5e48b8
school-42274,lgaee0b3901a073
school-42275,lgaee0b3901a073
school-42276,lga123b323d59f1
school-42277,lga18e02c07dc3d
school-42278,lgab59cd333b8fb
school-42279,lgaf047d6867b53
school-42280,lgab59cd333b8fb
school-42281,lga142c33281bd2
school-42282,lga35f80aa51641
school-42283,lga18e02c07dc3d
school-42284,lga35f80aa51641
school-42285,lgacd5e92fad2d8
school-42287,lga14af0b5e48b8
school-42288,lga4774a2311524
school-42289,lga4774a2311524
school-42290,lgac030388b8cd2
school-42291,lga2e987509b39d
school-42292,lgaf047d6867b53
school-42293,lga2e987509b39d
school-42294,lga2e987509b39d
school-42295,lga142c33281bd2
school-42296,lga2e987509b39d
school-42297,lga2e987509b39d
school-42298,lga18e02c07dc3d
school-42299,lgac030388b8cd2
school-42300,lga2e987509b39d
school-42301,lga123b323d59f1
school-42302,lga35f80aa51641
school-42303,lgaee0b3901a073
school-42304,lgac030388b8cd2
school-42306,lgac030388b8cd2
school-42307,lgac030388b8cd2
school-42308,lgac030388b8cd2
school-42309,lgaee0b3901a073
school-42310,lga14af0b5e48b8
school-42311,lga7872e04f6637
school-42312,lgab59cd333b8fb
school-42313,lgacd5e92fad2d8
school-42314,lga18e02c07dc3d
school-42315,lga142c33281bd2
school-42316,lga4774a2311524
school-42317,lga123b323d59f1
school-42318,lgacd5e92fad2d8
school-42319,lgaf047d6867b53
school-42320,lga142c33281bd2
school-42321,lga14af0b5e48b8
school-42322,lga35f80aa51641
school-42323,lgaee0b3901a073
school-42324,lgac030388b8cd2
school-42325,lgab9f1c7ce8f4c
school-42327,lga4774a2311524
school-42328,lga123b323d59f1
school-42330,lga35f80aa51641
school-42331,lga2e987509b39d
school-42332,lgaee0b3901a073
school-42333,lga2e987509b39d
school-42334,lgac030388b8cd2
school-42335,lga35f80aa51641
school-42336,lgac030388b8cd2
school-42337,lgac030388b8cd2
school-42338,lga18e02c07dc3d
school-42339,lga35f80aa51641
school-42340,lgacd5e92fad2d8
school-42341,lga4774a2311524
school-42342,lga14af0b5e48b8
school-42343,lga18e02c07dc3d
school-42344,lgaee0b3901a073
school-42345,lgacd5e92fad2d8
school-42346,lga14af0b5e48b8
school-42347,lga14af0b5e48b8
school-42348,lga18e02c07dc3d
school-42349,lga2e987509b39d
school-42350,lgab59cd333b8fb
school-42351,lga2e987509b39d
school-42352,lga14af0b5e48b8
school-42353,lga2e987509b39d
school-42354,lgacd5e92fad2d8
school-42355,lgab9f1c7ce8f4c
school-42356,lga4774a2311524
school-42357,lga14af0b5e48b8
school-42358,lga14af0b5e48b8
school-42359,lgac030388b8cd2
school-42360,lga2e987509b39d
school-42361,lga18e02c07dc3d
school-42362,lgac030388b8cd2
school-42363,lga18e02c07dc3d
school-42364,lgaf047d6867b53
school-42365,lgaee0b3901a073
school-42366,lgac030388b8cd2
school-42367,lga35f80aa51641
school-42368,lga14af0b5e48b8
school-42369,lga2e987509b39d
school-42370,lga2e987509b39d
school-42371,lgab59cd333b8fb
school-42372,lga14af0b5e48b8
school-42373,lgaee0b3901a073
school-42374,lga4774a2311524
school-42375,lga35f80aa51641
school-42376,lgac030388b8cd2
school-42377,lga2e987509b39d
school-42378,lgaf047d6867b53
school-42379,lgab9f1c7ce8f4c
school-42380,lga18e02c07dc3d
school-42381,lga142c33281bd2
school-42382,lga123b323d59f1
school-42383,lgacd5e92fad2d8
school-42384,lga35f80aa51641
school-42385,lgab59cd333b8fb
school-42386,lga18e02c07dc3d
school-42387,lgac030388b8cd2
school-42388,lga2e987509b39d
school-42389,lgaee0b3901a073
school-42390,lga18e02c07dc3d
school-42391,lgac030388b8cd2
school-42392,lga2e987509b39d
school-42393,lga2e987509b39d
school-42394,lgaee0b3901a073
school-42395,lga2e987509b39d
school-42396,lgab59cd333b8fb
school-42397,lga14af0b5e48b8
school-42398,lga35f80aa51641
school-42399,lga14af0b5e48b8
school-42400,lga2e987509b39d
school-42401,lga14af0b5e48b8
school-42402,lga18e02c07dc3d
school-42403,lga4774a2311524
school-42404,lga123b323d59f1
school-42405,lgacd5e92fad2d8
school-42406,lgac030388b8cd2
school-42407,lgab9f1c7ce8f4c
school-42408,lgac030388b8cd2
school-42409,lgaeea486bb6672
school-42410,lga18e5bcb45b78
school-42411,lga18e5bcb45b78
school-42412,lgaeff98a987ea8
school-42413,lgaeea486bb6672
school-42414,lga18e5bcb45b78
school-42415,lgaeea486bb6672
school-42416,lga28f729e1ef22
school-42417,lgaeea486bb6672
school-42418,lga18e5bcb45b78
school-42419,lga18e5bcb45b78
school-42420,lgac6271e9e61d3
school-42421,lga18e5bcb45b78
school-42422,lga82e6422289a3
school-42423,lga3c104304a892
school-42424,lga28f729e1ef22
school-42425,lgaeff98a987ea8
school-42426,lga3c104304a892
school-42427,lgae8f4144e136c
school-42428,lga8a9daa01dafd
school-42429,lga1743293bd69b
school-42430,lga18e5bcb45b78
school-42431,lga8a9daa01dafd
school-42432,lga1743293bd69b
school-42433,lga82e6422289a3
school-42434,lga3b472eeffd4e
school-42435,lgaeff98a987ea8
school-42436,lgaeea486bb6672
school-42437,lgaeea486bb6672
school-42438,lga18e5bcb45b78
school-42439,lga3b472eeffd4e
school-42440,lga28f729e1ef22
school-42441,lga3c104304a892
school-42442,lgaeff98a987ea8
school-42443,lga3b472eeffd4e
school-42444,lgac6271e9e61d3
school-42445,lgaeff98a987ea8
school-42446,lga1743293bd69b
school-42447,lga18e5bcb45b78
school-42448,lgaeff98a987ea8
school-42449,lga7872e04f6637
school-42450,lga18e5bcb45b78
school-42451,lgae8f4144e136c
school-42452,lgae8f4144e136c
school-42453,lgaeea486bb6672
school-42454,lga18e5bcb45b78
school-42455,lgaeea486bb6672
school-42456,lga3c104304a892
school-42457,lga1743293bd69b
school-42458,lga3c104304a892
school-42459,lga28f729e1ef22
school-42460,lga28f729e1ef22
school-42461,lgaeea486bb6672
school-42462,lgaeea486bb6672
school-42463,lgac6271e9e61d3
school-42465,lgaeea486bb6672
school-42466,lga3c104304a892
school-42467,lga28f729e1ef22
school-42468,lga82e6422289a3
school-42469,lga3b472eeffd4e
school-42470,lgae8f4144e136c
school-42471,lgaeff98a987ea8
school-42472,lgaeea486bb6672
school-42473,lga82e6422289a3
school-42474,lga1743293bd69b
school-42475,lgaeea486bb6672
school-42476,lgaeea486bb6672
school-42477,lga7872e04f6637
school-42478,lgaeff98a987ea8
school-42479,lgaeea486bb6672
school-42480,lga3c104304a892
school-42481,lga6dc87a14cedf
school-42482,lga82e6422289a3
school-42483,lga82e6422289a3
school-42484,lgac6271e9e61d3
school-42485,lga28f729e1ef22
school-42486,lga82e6422289a3
school-42487,lgaeea486bb6672
school-42488,lga82e6422289a3
school-42489,lga6dc87a14cedf
school-42490,lgaeea486bb6672
school-42491,lga6dc87a14cedf
school-42492,lgaeff98a987ea8
school-42493,lga8a9daa01dafd
school-42494,lgaeea486bb6672
school-42495,lgac6271e9e61d3
school-42496,lgae8f4144e136c
school-42497,lgaeea486bb6672
school-42498,lga82e6422289a3
school-42499,lga1743293bd69b
school-42501,lga3c104304a892
school-42502,lga3c104304a892
school-42503,lga3c104304a892
school-42504,lga3c104304a892
school-42505,lgaeea486bb6672
school-42506,lga18e5bcb45b78
school-42507,lga3b472eeffd4e
school-42508,lgaeea486bb6672
school-42509,lgaeea486bb6672
school-42510,lga1743293bd69b
school-42511,lga18e5bcb45b78
school-42512,lga3c104304a892
school-42513,lgaeea486bb6672
school-42515,lgaeea486bb6672
school-42516,lga3b472eeffd4e
school-42517,lgaeff98a987ea8
school-42518,lgaeea486bb6672
school-42519,lga28f729e1ef22
school-42520,lga82e6422289a3
school-42521,lga1743293bd69b
school-42522,lga28f729e1ef22
school-42523,lga7872e04f6637
school-42524,lgaeea486bb6672
school-42525,lga3c104304a892
school-42526,lgaeff98a987ea8
school-42528,lgac6271e9e61d3
school-42529,lgaeea486bb6672
school-42530,lga84c5e8170895
school-42531,lgadf196edd3a41
school-42532,lgadf196edd3a41
school-42533,lga300d9d5a512d
school-42534,lgac1f0900055b8
school-42535,lgac11006b943bb
school-42536,lgaf6fd06a65e40
school-42537,lgac281ed8b03fe
school-42538,lgacf26b7440ad6
school-42539,lga39ec9e1d0913
school-42540,lga84c5e8170895
school-42542,lgaf4a6cf558a8a
school-42543,lga39ec9e1d0913
school-42545,lga80114cd78624
school-42546,lgaf6fd06a65e40
school-42547,lga51b9dd5e4b10
school-42548,lgaba86e982b581
school-42550,lgaf98b58f75ce9
school-42551,lgae13aad3a393a
school-42552,lgadaad9912738b
school-42553,lga84c5e8170895
school-42554,lgac281ed8b03fe
school-42555,lgadaad9912738b
school-42556,lga03a912e8133a
school-42559,lga51b9dd5e4b10
school-42560,lga300d9d5a512d
school-42561,lgaba86e982b581
school-42562,lgaf98b58f75ce9
school-42563,lgaf98b58f75ce9
school-42564,lgadaad9912738b
school-42565,lga65578b143ce4
school-42566,lgaaf23d74843f3
school-42567,lgac0f7797e00fa
school-42568,lga03a912e8133a
school-42569,lga300d9d5a512d
school-42570,lgadaad9912738b
school-42571,lga2da097abc8d4
school-42572,lga9a31571bf3db
school-42573,lgaf4a6cf558a8a
school-42575,lgaba86e982b581
school-42576,lgaba86e982b581
school-42577,lgaf4a6cf558a8a
school-42578,lga83191133e290
school-42579,lgadaad9912738b
school-42580,lga2da097abc8d4
school-42581,lgadaad9912738b
school-42582,lgaf98b58f75ce9
school-42583,lga03a912e8133a
school-42584,lgac0f7797e00fa
school-42585,lga65578b143ce4
school-42586,lgadaad9912738b
school-42587,lgac0f7797e00fa
school-42588,lgac0f7797e00fa
school-42589,lga03a912e8133a
school-42590,lga03a912e8133a
school-42591,lga7fcb85bf145f
school-42592,lgaf4a6cf558a8a
school-42593,lgadf196edd3a41
school-42594,lga34d12d967e41
school-42595,lgad7e92686b3d6
school-42596,lgaf98b58f75ce9
school-42597,lgae13aad3a393a
school-42599,lga300d9d5a512d
school-42600,lgac281ed8b03fe
school-42601,lga300d9d5a512d
school-42602,lga51b9dd5e4b10
school-42604,lgac281ed8b03fe
school-42605,lgae13aad3a393a
school-42606,lgac281ed8b03fe
school-42608,lgaf98b58f75ce9
school-42610,lgae13aad3a393a
school-42611,lgae13aad3a393a
school-42612,lgaba86e982b581
school-42613,lgacf26b7440ad6
school-42614,lgaf6fd06a65e40
school-42615,lgaf98b58f75ce9
school-42616,lgad7e92686b3d6
school-42617,lgaf98b58f75ce9
school-42618,lga2da097abc8d4
school-42619,lgad7e92686b3d6
school-42620,lga84c5e8170895
school-42622,lgaba86e982b581
school-42623,lgacf26b7440ad6
school-42624,lga03a912e8133a
school-42625,lgac1f0900055b8
school-42626,lgaf4a6cf558a8a
school-42627,lgadf196edd3a41
school-42628,lga39ec9e1d0913
school-42629,lgac281ed8b03fe
school-42630,lga7fcb85bf145f
school-42631,lga84c5e8170895
school-42632,lga84c5e8170895
school-42633,lgacf26b7440ad6
school-42634,lgaf98b58f75ce9
school-42635,lga03a912e8133a
school-42636,lga03a912e8133a
school-42637,lga03a912e8133a
school-42638,lgac281ed8b03fe
school-42639,lgadaad9912738b
school-42640,lgadaad9912738b
school-42641,lgaba86e982b581
school-42642,lga34d12d967e41
school-42643,lgacf26b7440ad6
school-42644,lga34d12d967e41
school-42645,lgae13aad3a393a
school-42646,lgacf26b7440ad6
school-42647,lgacf26b7440ad6
school-42648,lgadf196edd3a41
school-42649,lga34d12d967e41
school-42650,lgaf4a6cf558a8a
school-42651,lgad7e92686b3d6
school-42652,lgaf4a6cf558a8a
school-42653,lgae13aad3a393a
school-42654,lgadf196edd3a41
school-42655,lga03a912e8133a
school-42656,lga39ec9e1d0913
school-42657,lgaf4a6cf558a8a
school-42659,lga51b9dd5e4b10
school-42660,lgae13aad3a393a
school-42661,lga03a912e8133a
school-42662,lgadf196edd3a41
school-42663,lga03a912e8133a
school-42664,lgac1f0900055b8
school-42665,lga03a912e8133a
school-42666,lgaf4a6cf558a8a
school-42667,lga84c5e8170895
school-42668,lga51b9dd5e4b10
school-42669,lga65578b143ce4
school-42670,lga84c5e8170895
school-42671,lga03a912e8133a
school-42672,lgaba86e982b581
school-42673,lgadf196edd3a41
school-42674,lga03a912e8133a
school-42675,lga34d12d967e41
school-42676,lga51b9dd5e4b10
school-42677,lga84c5e8170895
school-42678,lga03a912e8133a
school-42679,lgadf196edd3a41
school-42680,lgadf196edd3a41
school-42681,lgac11006b943bb
school-42682,lga03a912e8133a
school-42683,lgadf196edd3a41
school-42684,lga84c5e8170895
school-42685,lgaf4a6cf558a8a
school-42686,lga34d12d967e41
school-42687,lgadf196edd3a41
school-42688,lga03a912e8133a
school-42689,lgadf196edd3a41
school-42690,lgaf4a6cf558a8a
school-42691,lga83191133e290
school-42692,lga03a912e8133a
school-42693,lga34d12d967e41
school-42694,lgae13aad3a393a
school-42695,lga34d12d967e41
school-42696,lgaf6fd06a65e40
school-42697,lgac1f0900055b8
school-42698,lgac0f7797e00fa
school-42699,lgaba86e982b581
school-42700,lga51b9dd5e4b10
school-42701,lgadf196edd3a41
school-42702,lgaf98b58f75ce9
school-42703,lgae13aad3a393a
school-42704,lga84c5e8170895
school-42705,lga39ec9e1d0913
school-42706,lgacf26b7440ad6
school-42707,lga03a912e8133a
school-42708,lgaba86e982b581
school-42709,lga84c5e8170895
school-42710,lgac281ed8b03fe
school-42711,lgaf4a6cf558a8a
school-42712,lga03a912e8133a
school-42713,lgadaad9912738b
school-42714,lgadf196edd3a41
school-42715,lga4ad25c8d4bff
school-42716,lga7d9d7fde79ba
school-42718,lga0cd900c07cca
school-42719,lgab418fd9e27ef
school-42720,lgab418fd9e27ef
school-42721,lga0cd900c07cca
school-42722,lga3d4e330d3d14
school-42723,lgad764fa589d34
school-42724,lgad764fa589d34
school-42725,lga0cd900c07cca
school-42726,lgad764fa589d34
school-42727,lga4ad25c8d4bff
school-42728,lgab418fd9e27ef
school-42729,lga641dd61419d6
school-42731,lga323b4f634457
school-42732,lga323b4f634457
school-42733,lga3d4e330d3d14
school-42734,lga641dd61419d6
school-42735,lga4ad25c8d4bff
school-42736,lgae13aad3a393a
school-42737,lga80114cd78624
school-42738,lgab418fd9e27ef
school-42739,lga2f576c5dcf45
school-42740,lga323b4f634457
school-42741,lga4ad25c8d4bff
school-42742,lga0cd900c07cca
school-42743,lgab418fd9e27ef
school-42744,lga2f576c5dcf45
school-42745,lgab418fd9e27ef
school-42746,lga641dd61419d6
school-42747,lgad764fa589d34
school-42748,lga2f576c5dcf45
school-42749,lgad764fa589d34
school-42750,lga0cd900c07cca
school-42751,lga323b4f634457
school-42752,lga0cd900c07cca
school-42753,lga641dd61419d6
school-42754,lga4ad25c8d4bff
school-42755,lga0cd900c07cca
school-42756,lga323b4f634457
school-42758,lga323b4f634457
school-42759,lga0cd900c07cca
school-42760,lga4ad25c8d4bff
school-42761,lgad764fa589d34
school-42762,lgab418fd9e27ef
school-42763,lga0cd900c07cca
school-42764,lga641dd61419d6
school-42765,lga85982bdf6538
school-42766,lga0cd900c07cca
school-42767,lgab418fd9e27ef
school-42768,lgaf2bf679736f0
school-42769,lgaf2bf679736f0
school-42770,lgaf2bf679736f0
school-42771,lgaf2bf679736f0
school-42772,lga80114cd78624
school-42773,lga323b4f634457
school-42774,lga0cd900c07cca
school-42775,lgab418fd9e27ef
school-42776,lga641dd61419d6
school-42777,lga85982bdf6538
school-42780,lgab418fd9e27ef
school-42781,lga641dd61419d6
school-42782,lga0cd900c07cca
school-42783,lga85982bdf6538
school-42784,lga323b4f634457
school-42785,lgaf2bf679736f0
school-42786,lgad764fa589d34
school-42787,lga4ad25c8d4bff
school-42788,lga641dd61419d6
school-42789,lgab418fd9e27ef
school-42790,lga3d4e330d3d14
school-42791,lga3d4e330d3d14
school-42792,lgab418fd9e27ef
school-42793,lga0cd900c07cca
school-42794,lga0cd900c07cca
school-42795,lga4ad25c8d4bff
school-42796,lga3d4e330d3d14
school-42797,lga641dd61419d6
school-42799,lga0cd900c07cca
school-42800,lgad764fa589d34
school-42801,lgab418fd9e27ef
school-42802,lga0cd900c07cca
school-42803,lga0cd900c07cca
school-42804,lgad764fa589d34
school-42805,act-territory
school-42807,lgab418fd9e27ef
school-42809,lga0cd900c07cca
school-42810,lga7d9d7fde79ba
school-42811,lga0cd900c07cca
school-42812,lga0cd900c07cca
school-42813,lga80114cd78624
school-42815,lgaf2bf679736f0
school-42816,lgad764fa589d34
school-42817,lgaf2bf679736f0
school-42818,lga323b4f634457
school-42819,lgad764fa589d34
school-42820,lga641dd61419d6
school-42821,lga0cd900c07cca
school-42822,lga3d4e330d3d14
school-42823,lgaf2bf679736f0
school-42824,lga641dd61419d6
school-42825,lgad764fa589d34
school-42826,lga641dd61419d6
school-42827,lga0cd900c07cca
school-42828,lga80114cd78624
school-42829,lgaf2bf679736f0
school-42830,lgab418fd9e27ef
school-42831,lga0cd900c07cca
school-42832,lgad764fa589d34
school-42833,lga0cd900c07cca
school-42834,lgad764fa589d34
school-42835,lga80114cd78624
school-42836,lga641dd61419d6
school-42837,lga641dd61419d6
school-42838,lgaf2bf679736f0
school-42839,lga0cd900c07cca
school-42840,lga0cd900c07cca
school-42841,lga7d9d7fde79ba
school-42842,lga0cd900c07cca
school-42843,lga7d9d7fde79ba
school-42844,lga641dd61419d6
school-42845,lga0cd900c07cca
school-42846,lga0cd900c07cca
school-42847,lga4ad25c8d4bff
school-42848,lga0cd900c07cca
school-42849,lga0cd900c07cca
school-42850,lga0cd900c07cca
school-42851,lga0cd900c07cca
school-42852,lga0cd900c07cca
school-42853,lga0cd900c07cca
school-42854,lga7d9d7fde79ba
school-42855,lga0cd900c07cca
school-42856,lga0cd900c07cca
school-42857,lga0cd900c07cca
school-42858,lga0cd900c07cca
school-42859,lga0cd900c07cca
school-42860,lga641dd61419d6
school-42861,lga7d9d7fde79ba
school-42862,act-territory
school-42864,lga0cd900c07cca
school-42865,lga641dd61419d6
school-42866,lga641dd61419d6
school-42867,lga0cd900c07cca
school-42868,lga7d9d7fde79ba
school-42869,lga0cd900c07cca
school-42870,lga7d9d7fde79ba
school-42871,lga0cd900c07cca
school-42872,act-territory
school-42873,act-territory
school-42874,lga7d9d7fde79ba
school-42875,lga0cd900c07cca
school-42876,lgaf2bf679736f0
school-42877,lga0cd900c07cca
school-42878,lga0cd900c07cca
school-42879,lgaf2bf679736f0
school-42880,lga80114cd78624
school-42881,lga0cd900c07cca
school-42882,lga7d9d7fde79ba
school-42883,lga641dd61419d6
school-42884,lga641dd61419d6
school-42885,lga85982bdf6538
school-42886,lga0cd900c07cca
school-42887,lga7d9d7fde79ba
school-42888,lga3d4e330d3d14
school-42889,lga641dd61419d6
school-42890,lga7d9d7fde79ba
school-42891,lga3d4e330d3d14
school-42892,lga641dd61419d6
school-42893,lga641dd61419d6
school-42894,act-territory
school-42895,lga7d9d7fde79ba
school-42896,lga7d9d7fde79ba
school-42897,lgab418fd9e27ef
school-42898,lgaf2bf679736f0
school-42899,lga0cd900c07cca
school-42900,lga7d9d7fde79ba
school-42901,lgab418fd9e27ef
school-42902,lga641dd61419d6
school-42903,lga641dd61419d6
school-42904,lgab418fd9e27ef
school-42905,lgaf2bf679736f0
school-42906,lga0cd900c07cca
school-42907,lgad764fa589d34
school-42908,lga85982bdf6538
school-42909,lga0cd900c07cca
school-42910,lga4ad25c8d4bff
school-42911,lga641dd61419d6
school-42912,lga0cd900c07cca
school-42913,lga0cd900c07cca
school-42914,act-territory
school-42915,lga80114cd78624
school-42916,lga3d4e330d3d14
school-42917,lgab418fd9e27ef
school-42918,lga0cd900c07cca
school-42919,lga7d9d7fde79ba
school-42920,lga641dd61419d6
school-42921,lga0cd900c07cca
school-42922,lga323b4f634457
school-42923,lgaf2bf679736f0
school-42924,lga7d9d7fde79ba
school-42925,lga0cd900c07cca
school-42926,lga4ad25c8d4bff
school-42927,lgad764fa589d34
school-42928,lga0cd900c07cca
school-42929,lga641dd61419d6
school-42930,act-territory
school-42931,lga3d4e330d3d14
school-42932,lga0cd900c07cca
school-42933,lga0cd900c07cca
school-42934,lga641dd61419d6
school-42935,lga3d4e330d3d14
school-42936,lga7d9d7fde79ba
school-42937,lga641dd61419d6
school-42938,lga0cd900c07cca
school-42939,lga7d9d7fde79ba
school-42940,lga0225a5333667
school-42941,lgac20f675def30
school-42942,lga810ab3c44f0d
school-42943,lga098f9fe7f215
school-42944,lgafc572f6f5703
school-42945,lga810ab3c44f0d
school-42946,lgab3e830b62e1e
school-42947,lga34a3bdace333
school-42948,lgae62d9de9e5f2
school-42949,lga744f59098827
school-42950,lga0225a5333667
school-42951,lga0225a5333667
school-42952,lga0225a5333667
school-42954,lga7ebdb393dc63
school-42955,lgaf5ba98e26208
school-42956,lga9a31571bf3db
school-42957,lgab3e830b62e1e
school-42958,lgae1f1f44fdff5
school-42959,lga8a9daa01dafd
school-42960,lgaaf23d74843f3
school-42961,lga7fcb85bf145f
school-42962,lgaf5ba98e26208
school-42963,lga810ab3c44f0d
school-42964,lga810ab3c44f0d
school-42965,lgac8a09bf5509c
school-42966,lga358636703171
school-42967,lga884d7f3e1aaf
school-42968,lgae1f1f44fdff5
school-42969,lgaf5ba98e26208
school-42970,lgae1f1f44fdff5
school-42971,lga884d7f3e1aaf
school-42972,lgac20f675def30
school-42973,lgac20f675def30
school-42974,lga810ab3c44f0d
school-42975,lgac20f675def30
school-42976,lga098f9fe7f215
school-42978,lgae1f1f44fdff5
school-42979,lgac20f675def30
school-42980,lgac11006b943bb
school-42981,lgafc572f6f5703
school-42982,lgac20f675def30
school-42983,lga439d331153ef
school-42984,lga94484cf6e0e2
school-42985,lga884d7f3e1aaf
school-42986,lga744f59098827
school-42987,lga358636703171
school-42988,lga9a31571bf3db
school-42989,lgac8a09bf5509c
school-42990,lga521465c2ad4a
school-42991,lga28f729e1ef22
school-42992,lgaf5ba98e26208
school-42993,lga521465c2ad4a
school-42994,lga94484cf6e0e2
school-42995,lga098f9fe7f215
school-42996,lga358636703171
school-42997,lga521465c2ad4a
school-42998,lgaf081be0c5dd7
school-42999,lga521465c2ad4a
school-43000,lga098f9fe7f215
school-43001,lgae13aad3a393a
school-43002,lga8a9daa01dafd
school-43003,lgaf5ba98e26208
school-43004,lga521465c2ad4a
school-43005,lgab3e830b62e1e
school-43007,lgae1f1f44fdff5
school-43008,lgaf5ba98e26208
school-43009,lga810ab3c44f0d
school-43010,lgaf081be0c5dd7
school-43011,lgab3e830b62e1e
school-43012,lgae1f1f44fdff5
school-43013,lga521465c2ad4a
school-43014,lgae1f1f44fdff5
school-43015,lgae1f1f44fdff5
school-43016,lgac20f675def30
school-43017,lgac1eaec79c7a7
school-43018,lgae1f1f44fdff5
school-43019,lgab3e830b62e1e
school-43020,lga94484cf6e0e2
school-43021,lga6f94e50be65d
school-43022,lga098f9fe7f215
school-43023,lga7ebdb393dc63
school-43024,lga34a3bdace333
school-43025,lga34a3bdace333
school-43026,lga098f9fe7f215
school-43027,lga884d7f3e1aaf
school-43028,lga884d7f3e1aaf
school-43029,lgaf5ba98e26208
school-43030,lgac8a09bf5509c
school-43031,lga9a31571bf3db
school-43032,lga098f9fe7f215
school-43033,lga098f9fe7f215
school-43034,lga521465c2ad4a
school-43035,lga7ebdb393dc63
school-43036,lgae1f1f44fdff5
school-43037,lgac20f675def30
school-43038,lgacada9a10e321
school-43039,lga439d331153ef
school-43040,lga7fcb85bf145f
school-43041,lgac1eaec79c7a7
school-43042,lga34a3bdace333
school-43043,lga098f9fe7f215
school-43044,lga34a3bdace333
school-43046,lga8a9daa01dafd
school-43047,lgaf5ba98e26208
school-43048,lgae62d9de9e5f2
school-43049,lga6bae9beb633e
school-43050,lga098f9fe7f215
school-43051,lgac20f675def30
school-43052,lga884d7f3e1aaf
school-43053,lgaf081be0c5dd7
school-43054,lgaf081be0c5dd7
school-43057,lgac20f675def30
school-43058,lga358636703171
school-43059,lgae1f1f44fdff5
school-43061,lgae1f1f44fdff5
school-43062,lgaf5ba98e26208
school-43063,lgac20f675def30
school-43064,lgae62d9de9e5f2
school-43065,lgae62d9de9e5f2
school-43066,lga098f9fe7f215
school-43067,lga098f9fe7f215
school-43068,lgaf5ba98e26208
school-43069,lga884d7f3e1aaf
school-43071,lga7ebdb393dc63
school-43072,lga34a3bdace333
school-43073,lgafc572f6f5703
school-43074,lga6f94e50be65d
school-43075,lga34a3bdace333
school-43076,lga0225a5333667
school-43077,lga0225a5333667
school-43079,lga744f59098827
school-43080,lga7ebdb393dc63
school-43081,lga6bae9beb633e
school-43082,lga7ebdb393dc63
school-43083,lgac20f675def30
school-43084,lga521465c2ad4a
school-43085,lgac20f675def30
school-43086,lgac20f675def30
school-43087,lgae62d9de9e5f2
school-43088,lga358636703171
school-43089,lga7ebdb393dc63
school-43090,lga0225a5333667
school-43091,lgac20f675def30
school-43092,lga098f9fe7f215
school-43093,lga7ebdb393dc63
school-43094,lga358636703171
school-43095,lgae1f1f44fdff5
school-43096,lga7ebdb393dc63
school-43097,lga098f9fe7f215
school-43098,lga0225a5333667
school-43099,lgaf5ba98e26208
school-43100,lga521465c2ad4a
school-43101,lga7ebdb393dc63
school-43102,lga34a3bdace333
school-43103,lga358636703171
school-43104,lgafc572f6f5703
school-43105,lgac20f675def30
school-43106,lga9a31571bf3db
school-43107,lga521465c2ad4a
school-43108,lga7fcb85bf145f
school-43109,lga810ab3c44f0d
school-43110,lga439d331153ef
school-43111,lga94484cf6e0e2
school-43112,lgae62d9de9e5f2
school-43113,lgaaf23d74843f3
school-43114,lgab3e830b62e1e
school-43115,lgac20f675def30
school-43116,lga7ebdb393dc63
school-43117,lgac8a09bf5509c
school-43118,lgac1eaec79c7a7
school-43119,lga8a9daa01dafd
school-43120,lga0225a5333667
school-43121,lga884d7f3e1aaf
school-43122,lga098f9fe7f215
school-43123,lgae1f1f44fdff5
school-43124,lgac20f675def30
school-43125,lga521465c2ad4a
school-43126,lga6f94e50be65d
school-43127,lga84c5e8170895
school-43128,lga3d4e330d3d14
school-43129,lga84c5e8170895
school-43130,lgad764fa589d34
school-43131,lga4ad25c8d4bff
school-43132,lgae13aad3a393a
school-43133,lga2f576c5dcf45
school-43134,lga4ad25c8d4bff
school-43135,lgaba86e982b581
school-43136,lga323b4f634457
school-43138,lgaf2bf679736f0
school-43139,lgaf2bf679736f0
school-43140,lga9a31571bf3db
school-43141,lgaba86e982b581
school-43142,lga7fcb85bf145f
school-43143,lga3d4e330d3d14
school-43144,lgae13aad3a393a
school-43145,act-territory
school-43146,lgac1f0900055b8
school-43147,lga84c5e8170895
school-43148,lgacf26b7440ad6
school-43149,lga80114cd78624
school-43150,lgae13aad3a393a
school-43151,lga3d4e330d3d14
school-43152,lgaf2bf679736f0
school-43153,lgad764fa589d34
school-43154,lgae13aad3a393a
school-43155,lgae04a9b8beff3
school-43156,lgae04a9b8beff3
school-43157,lgab64f14d6026f
school-43158,lgab64f14d6026f
school-43159,lgab64f14d6026f
school-43160,lga88366278284a
school-43161,lgae04a9b8beff3
school-43162,lgaf1f1eef13783
school-43163,lgab64f14d6026f
school-43164,lga5971dfaf3433
school-43165,lgaf1f1eef13783
school-43166,lgaf1f1eef13783
school-43167,lga5c7223f40d56
school-43168,lgaa70ee11ecfe2
school-43169,lgab64f14d6026f
school-43170,lga5c7223f40d56
school-43171,lga5c7223f40d56
school-43172,lga5c7223f40d56
school-43173,lga5c7223f40d56
school-43174,lga5971dfaf3433
school-43175,lgaa70ee11ecfe2
school-43176,lgae04a9b8beff3
school-43177,lgae04a9b8beff3
school-43178,lgaf1f1eef13783
school-43179,lgab64f14d6026f
school-43180,lgaa70ee11ecfe2
school-43181,lgaf1f1eef13783
school-43182,lgab64f14d6026f
school-43183,lga5c7223f40d56
school-43184,lgab64f14d6026f
school-43185,lga5971dfaf3433
school-43186,lga5971dfaf3433
school-43187,lga5971dfaf3433
school-43188,lgaf1f1eef13783
school-43189,lgaf1f1eef13783
school-43190,lgab64f14d6026f
school-43191,lgab64f14d6026f
school-43192,lga88366278284a
school-43193,lgab64f14d6026f
school-43194,lgab64f14d6026f
school-43195,lga5971dfaf3433
school-43196,lgaf1f1eef13783
school-43197,lgaf1f1eef13783
school-43198,lgab64f14d6026f
school-43199,lgaa70ee11ecfe2
school-43200,lga5c7223f40d56
school-43201,lga5c7223f40d56
school-43202,lga88366278284a
school-43203,lga5971dfaf3433
school-43204,lgaf1f1eef13783
school-43205,lgab64f14d6026f
school-43206,lgae04a9b8beff3
school-43207,lgab64f14d6026f
school-43208,lgab64f14d6026f
school-43209,lgab64f14d6026f
school-43210,lga88366278284a
school-43211,lgab64f14d6026f
school-43212,lgaf1f1eef13783
school-43213,lga5971dfaf3433
school-43214,lgab64f14d6026f
school-43215,lga5c7223f40d56
school-43216,lgaf1f1eef13783
school-43217,lgae04a9b8beff3
school-43218,lga5c7223f40d56
school-43219,lga5c7223f40d56
school-43220,lgaf1f1eef13783
school-43221,lgab64f14d6026f
school-43222,lgab64f14d6026f
school-43223,lgaf1f1eef13783
school-43224,lgae04a9b8beff3
school-43225,lgab64f14d6026f
school-43226,lga5971dfaf3433
school-43227,lgab64f14d6026f
school-43228,lgaa70ee11ecfe2
school-43229,lga5971dfaf3433
school-43230,lga8f7ed7c51d73
school-43231,lga4ab258f19347
school-43232,lga4ab258f19347
school-43233,lga8f7ed7c51d73
school-43234,lga5971dfaf3433
school-43235,lgaef8006a5824e
school-43236,lga4ab258f19347
school-43237,lga4ab258f19347
school-43238,lga4ab258f19347
school-43239,lga5971dfaf3433
school-43240,lga4ab258f19347
school-43241,lga1bf4b9703dd4
school-43242,lga4ab258f19347
school-43243,lga1bf4b9703dd4
school-43244,lga1bf4b9703dd4
school-43245,lga539121ae6aa1
school-43246,lga4ab258f19347
school-43247,lga4ab258f19347
school-43248,lga4ab258f19347
school-43249,lga4ab258f19347
school-43250,lga4ab258f19347
school-43251,lgaef8006a5824e
school-43252,lga8f7ed7c51d73
school-43253,lga539121ae6aa1
school-43254,lga539121ae6aa1
school-43255,lga1bf4b9703dd4
school-43256,lga1bf4b9703dd4
school-43257,lga1bf4b9703dd4
school-43258,lga1bf4b9703dd4
school-43259,lga539121ae6aa1
school-43260,lga8f7ed7c51d73
school-43261,lga539121ae6aa1
school-43262,lgaef8006a5824e
school-43263,lga1bf4b9703dd4
school-43264,lga1bf4b9703dd4
school-43265,lga1bf4b9703dd4
school-43266,lga1bf4b9703dd4
school-43267,lga1bf4b9703dd4
school-43268,lga4ab258f19347
school-43269,lgaef8006a5824e
school-43270,lga1bf4b9703dd4
school-43271,lga8f7ed7c51d73
school-43272,lga4ab258f19347
school-43274,lga2e987509b39d
school-43275,lgaf0c8381b1cf5
school-43276,lgad0c3084d5c41
school-43277,lga2e987509b39d
school-43278,lga81c3e6b6c380
school-43279,lga945cdd1aa041
school-43280,lga945cdd1aa041
school-43281,lga6878096e3730
school-43282,lga945cdd1aa041
school-43283,lga945cdd1aa041
school-43284,lgac07fca595aa9
school-43285,lga2e987509b39d
school-43286,lga2e987509b39d
school-43287,lga54c309a48d69
school-43288,lga945cdd1aa041
school-43289,lga81c3e6b6c380
school-43290,lgac07fca595aa9
school-43291,lga2e987509b39d
school-43292,lgac07fca595aa9
school-43293,lgac07fca595aa9
school-43294,lga376d180b8860
school-43295,lgac07fca595aa9
school-43296,lgaf0c8381b1cf5
school-43297,lga6878096e3730
school-43298,lga945cdd1aa041
school-43299,lgaec6b5514c536
school-43300,lgac07fca595aa9
school-43301,lga945cdd1aa041
school-43302,lga945cdd1aa041
school-43303,lgac07fca595aa9
school-43304,lgac07fca595aa9
school-43305,lgac07fca595aa9
school-43306,lga376d180b8860
school-43307,lga945cdd1aa041
school-43308,lgac07fca595aa9
school-43309,lga376d180b8860
school-43310,lga945cdd1aa041
school-43311,lga945cdd1aa041
school-43312,lga945cdd1aa041
school-43313,lga54c309a48d69
school-43314,lga376d180b8860
school-43315,lga945cdd1aa041
school-43316,lgac07fca595aa9
school-43317,lga376d180b8860
school-43318,lga376d180b8860
school-43319,lga945cdd1aa041
school-43320,lga2e987509b39d
school-43321,lga6878096e3730
school-43322,lga945cdd1aa041
school-43323,lgac07fca595aa9
school-43324,lgac07fca595aa9
school-43325,lga0cd900c07cca
school-43326,lgae1e88444b382
school-43327,lgae1e88444b382
school-43328,lga641dd61419d6
school-43329,lga7d9d7fde79ba
school-43330,lga2a2057496fb7
school-43331,lga7d9d7fde79ba
school-43332,lgab418fd9e27ef
school-43333,lga0cd900c07cca
school-43334,lga2a2057496fb7
school-43335,lgae1e88444b382
school-43336,lga0cd900c07cca
school-43337,lga0cd900c07cca
school-43338,lgae1e88444b382
school-43340,lga0cd900c07cca
school-43341,lga0cd900c07cca
school-43342,lgae1e88444b382
school-43343,lga85982bdf6538
school-43344,lga641dd61419d6
school-43345,lgab418fd9e27ef
school-43346,lgab418fd9e27ef
school-43347,lga2a2057496fb7
school-43348,lga641dd61419d6
school-43349,lga6ea491feb08f
school-43350,lga0cd900c07cca
school-43351,lgae1e88444b382
school-43352,lgae1e88444b382
school-43353,lga7d9d7fde79ba
school-43354,lga0cd900c07cca
school-43355,lga0cd900c07cca
school-43356,lga0cd900c07cca
school-43357,lga0cd900c07cca
school-43359,lga7d9d7fde79ba
school-43360,lga7d9d7fde79ba
school-43361,lgaa5101cb3dc0e
school-43362,lga695a89c7b19b
school-43363,lgaa5101cb3dc0e
school-43364,lga5c7223f40d56
school-43365,lga5c7223f40d56
school-43366,lgaa5101cb3dc0e
school-43367,lgacf41226610f4
school-43368,lgacf41226610f4
school-43369,lgacf41226610f4
school-43370,lgacf41226610f4
school-43371,lga2e3aa047bd58
school-43372,lga695a89c7b19b
school-43373,lga2e3aa047bd58
school-43374,lga7aa37c79c7ff
school-43375,lga0f45891fa7ad
school-43376,lga06490af4f38a
school-43377,lga06490af4f38a
school-43378,lga06490af4f38a
school-43379,lga695a89c7b19b
school-43380,lga695a89c7b19b
school-43381,lga06490af4f38a
school-43382,lgacf41226610f4
school-43383,lgac6194db78942
school-43384,lga9b7881f1ee35
school-43385,lga5591321694d6
school-43386,lga09dd4fbbc477
school-43387,lgaf06f63452dec
school-43388,lgaf06f63452dec
school-43389,lga09dd4fbbc477
school-43390,lgac6194db78942
school-43391,lgadd72d6dc964c
school-43392,lgacf41226610f4
school-43393,lga695a89c7b19b
school-43394,lga20e7710cab71
school-43395,lgaf06f63452dec
school-43396,lgaa5101cb3dc0e
school-43397,lgacf41226610f4
school-43398,lga20e7710cab71
school-43399,lgadd72d6dc964c
school-43400,lgac6194db78942
school-43401,lgaa5101cb3dc0e
school-43402,lga605d8cdb0eb8
school-43403,lga06490af4f38a
school-43404,lgaf06f63452dec
school-43405,lgacf41226610f4
school-43406,lga20e7710cab71
school-43407,lga605d8cdb0eb8
school-43408,lgacf41226610f4
school-43409,lgac6194db78942
school-43410,lgaa5101cb3dc0e
school-43411,lga06490af4f38a
school-43412,lga11ee462056ba
school-43413,lgaf99ae76baba3
school-43414,lga695a89c7b19b
school-43415,lga09dd4fbbc477
school-43416,lga695a89c7b19b
school-43417,lga695a89c7b19b
school-43418,lgacf41226610f4
school-43419,lga83ebf8381de8
school-43420,lgaa5101cb3dc0e
school-43421,lga5c7223f40d56
school-43422,lga11ee462056ba
school-43423,lga11ee462056ba
school-43424,lga09dd4fbbc477
school-43426,lga09dd4fbbc477
school-43427,lga09dd4fbbc477
school-43428,lgaa5101cb3dc0e
school-43429,lga20e7710cab71
school-43430,lga695a89c7b19b
school-43431,lga09dd4fbbc477
school-43432,lga20e7710cab71
school-43433,lgac6194db78942
school-43434,lga11ee462056ba
school-43435,lgac6194db78942
school-43436,lga11ee462056ba
school-43437,lga9b7881f1ee35
school-43438,lgaa5101cb3dc0e
school-43439,lga20e7710cab71
school-43441,lga2e3aa047bd58
school-43442,lga605d8cdb0eb8
school-43443,lgacf41226610f4
school-43444,lgacf41226610f4
school-43445,lga2e3aa047bd58
school-43446,lgacf41226610f4
school-43447,lga09dd4fbbc477
school-43448,lga09dd4fbbc477
school-43449,lga5c7223f40d56
school-43450,lgacf41226610f4
school-43451,lga2e3aa047bd58
school-43452,lga695a89c7b19b
school-43453,lga0f45891fa7ad
school-43454,lga20e7710cab71
school-43455,lga2e3aa047bd58
school-43456,lgacf41226610f4
school-43457,lga06490af4f38a
school-43458,lga2e3aa047bd58
school-43459,lgaa5101cb3dc0e
school-43460,lga5b48a02a6055
school-43461,lga5b48a02a6055
school-43462,lgaa5101cb3dc0e
school-43463,lgac6194db78942
school-43464,lga605d8cdb0eb8
school-43465,lgacf41226610f4
school-43466,lga605d8cdb0eb8
school-43467,lga7aa37c79c7ff
school-43468,lgac6194db78942
school-43469,lgacf41226610f4
school-43470,lga11ee462056ba
school-43471,lgaa5101cb3dc0e
school-43472,lgacf41226610f4
school-43473,lga09dd4fbbc477
school-43474,lga5c7223f40d56
school-43475,lga695a89c7b19b
school-43476,lga695a89c7b19b
school-43477,lga695a89c7b19b
school-43478,lga570242050fb9
school-43479,lga09dd4fbbc477
school-43480,lga2e3aa047bd58
school-43481,lga09dd4fbbc477
school-43482,lga09dd4fbbc477
school-43483,lgacf41226610f4
school-43484,lga06490af4f38a
school-43485,lgac6194db78942
school-43486,lgac6194db78942
school-43487,lgac6194db78942
school-43488,lga06490af4f38a
school-43489,lga11ee462056ba
school-43492,lgac6194db78942
school-43493,lgac6194db78942
school-43494,lga06490af4f38a
school-43497,lga20e7710cab71
school-43498,lgaf06f63452dec
school-43499,lgacf41226610f4
school-43500,lga20e7710cab71
school-43501,lgaf99ae76baba3
school-43502,lga11ee462056ba
school-43503,lga11ee462056ba
school-43504,lga11ee462056ba
school-43505,lgacd5e92fad2d8
school-43506,lgacd5e92fad2d8
school-43507,lga14af0b5e48b8
school-43508,lgab59cd333b8fb
school-43509,lgab9f1c7ce8f4c
school-43510,lga123b323d59f1
school-43511,lgaf047d6867b53
school-43512,lga14af0b5e48b8
school-43513,lgaf047d6867b53
school-43514,lgab59cd333b8fb
school-43515,lgaee0b3901a073
school-43516,lgaee0b3901a073
school-43517,lga4774a2311524
school-43518,lgac030388b8cd2
school-43519,lga142c33281bd2
school-43520,lga18e02c07dc3d
school-43521,lga35f80aa51641
school-43522,lga35f80aa51641
school-43523,lgab9f1c7ce8f4c
school-43524,lgaee0b3901a073
school-43525,lga123b323d59f1
school-43526,lgac030388b8cd2
school-43527,lgac030388b8cd2
school-43528,lga18e02c07dc3d
school-43529,lga18e02c07dc3d
school-43530,lga18e02c07dc3d
school-43531,lgacd5e92fad2d8
school-43532,lgac030388b8cd2
school-43533,lgac030388b8cd2
school-43534,lga18e02c07dc3d
school-43535,lgaf047d6867b53
school-43536,lga14af0b5e48b8
school-43537,lgaee0b3901a073
school-43538,lga18e02c07dc3d
school-43539,lgacd5e92fad2d8
school-43540,lga18e02c07dc3d
school-43541,lgac030388b8cd2
school-43542,lga35f80aa51641
school-43543,lga4774a2311524
school-43544,lgaee0b3901a073
school-43545,lga14af0b5e48b8
school-43546,lgaf047d6867b53
school-43547,lgac030388b8cd2
school-43548,lgab3e830b62e1e
school-43549,lga810ab3c44f0d
school-43550,lga358636703171
school-43551,lga521465c2ad4a
school-43552,lga6f94e50be65d
school-43553,lgac20f675def30
school-43554,lga810ab3c44f0d
school-43555,lga098f9fe7f215
school-43556,lga098f9fe7f215
school-43557,lga098f9fe7f215
school-43558,lga098f9fe7f215
school-43559,lgae1f1f44fdff5
school-43560,lga810ab3c44f0d
school-43561,lgac8a09bf5509c
school-43562,lgac20f675def30
school-43563,lgac20f675def30
school-43564,lga810ab3c44f0d
school-43565,lgae1f1f44fdff5
school-43566,lga439d331153ef
school-43567,lga521465c2ad4a
school-43568,lgaf5ba98e26208
school-43569,lgae1f1f44fdff5
school-43570,lgae1f1f44fdff5
school-43571,lga7ebdb393dc63
school-43572,lga7ebdb393dc63
school-43573,lgaf5ba98e26208
school-43574,lgae1f1f44fdff5
school-43575,lgac20f675def30
school-43576,lgac20f675def30
school-43577,lgaf5ba98e26208
school-43578,lga098f9fe7f215
school-43579,lgac20f675def30
school-43580,lga7ebdb393dc63
school-43581,lgac11006b943bb
school-43582,lgae62d9de9e5f2
school-43583,lga744f59098827
school-43584,lga0225a5333667
school-43585,lgaaf23d74843f3
school-43586,lga7fcb85bf145f
school-43587,lga51b9dd5e4b10
school-43588,lgafc572f6f5703
school-43589,lga83191133e290
school-43590,lga2da097abc8d4
school-43591,lgac1eaec79c7a7
school-43592,lga94484cf6e0e2
school-43593,lga34a3bdace333
school-43594,lga34a3bdace333
school-43595,lgac1eaec79c7a7
school-43596,lga34a3bdace333
school-43597,lga6bae9beb633e
school-43598,lgadf196edd3a41
school-43599,lgadf196edd3a41
school-43600,lgadf196edd3a41
school-43602,lga65578b143ce4
school-43603,lga300d9d5a512d
school-43604,lgaf98b58f75ce9
school-43605,lgadaad9912738b
school-43606,lga39ec9e1d0913
school-43607,lga300d9d5a512d
school-43608,lgaf4a6cf558a8a
school-43609,lgadaad9912738b
school-43610,lga65578b143ce4
school-43611,lgac0f7797e00fa
school-43612,lga34d12d967e41
school-43613,lgad7e92686b3d6
school-43614,lgaf6fd06a65e40
school-43615,lga39ec9e1d0913
school-43616,lga84c5e8170895
school-43619,lgaf4a6cf558a8a
school-43620,lga03a912e8133a
school-43621,lga03a912e8133a
school-43622,lga03a912e8133a
school-43623,lga03a912e8133a
school-43624,lga03a912e8133a
school-43625,lga03a912e8133a
school-43626,lga03a912e8133a
school-43627,lga34d12d967e41
school-43628,lgadf196edd3a41
school-43629,lgaf4a6cf558a8a
school-43630,lga18e5bcb45b78
school-43631,lgaeea486bb6672
school-43632,lga28f729e1ef22
school-43633,lga1743293bd69b
school-43634,lga18e5bcb45b78
school-43635,lgaeea486bb6672
school-43636,lga3c104304a892
school-43637,lga3c104304a892
school-43638,lga28f729e1ef22
school-43639,lga82e6422289a3
school-43640,lgaeea486bb6672
school-43641,lgaeea486bb6672
school-43642,lgaeea486bb6672
school-43643,lga7872e04f6637
school-43644,lgae8f4144e136c
school-43645,lga6dc87a14cedf
school-43646,lga8a9daa01dafd
school-43647,lgac6271e9e61d3
school-43648,lga28f729e1ef22
school-43649,lgaeff98a987ea8
school-43650,lga3b472eeffd4e
school-43651,lga1743293bd69b
school-43652,lgaeea486bb6672
school-43653,lga18e5bcb45b78
school-43654,lga35f80aa51641
school-43655,lgaa5101cb3dc0e
school-43656,lgaef8006a5824e
school-43657,lga570242050fb9
school-43658,lga0cd900c07cca
school-43659,lgae1e88444b382
school-43660,lga8f7ed7c51d73
school-43661,lgacf41226610f4
school-43662,lga5b48a02a6055
school-43663,lga0cd900c07cca
school-43664,lgaf06f63452dec
school-43665,lga1bf4b9703dd4
school-43666,lga7aa37c79c7ff
school-43667,lgaa5101cb3dc0e
school-43668,lga83ebf8381de8
school-43669,lgab418fd9e27ef
school-43670,lga2a2057496fb7
school-43671,lga4ab258f19347
school-43672,lga605d8cdb0eb8
school-43673,lgadd72d6dc964c
school-43674,lga605d8cdb0eb8
school-43675,lga570242050fb9
school-43676,lga7aa37c79c7ff
school-43677,lga4ab258f19347
school-43678,lgaf1f1eef13783
school-43679,lgacf41226610f4
school-43680,lgaf99ae76baba3
school-43681,lga8f7ed7c51d73
school-43682,lga539121ae6aa1
school-43683,lga5971dfaf3433
school-43684,lga570242050fb9
school-43685,lga539121ae6aa1
school-43686,lga0f45891fa7ad
school-43687,lgac6194db78942
school-43688,lgaa5101cb3dc0e
school-43689,lga098f9fe7f215
school-43690,lga8f7ed7c51d73
school-43691,lgafc572f6f5703
school-43692,lga539121ae6aa1
school-43693,lga5971dfaf3433
school-43694,lgacf41226610f4
school-43695,lgae04a9b8beff3
school-43696,lga2a2057496fb7
school-43697,lgae1e88444b382
school-43698,lga5c7223f40d56
school-43699,lgacf41226610f4
school-43700,lga4ab258f19347
school-43701,lga945cdd1aa041
school-43702,lgac20f675def30
school-43703,lga4ab258f19347
school-43704,lga376d180b8860
school-43705,lga09dd4fbbc477
school-43707,lgae1e88444b382
school-43708,lgac6194db78942
school-43710,lgaa5101cb3dc0e
school-43711,lgaf047d6867b53
school-43713,lgacf41226610f4
school-43714,lgae62d9de9e5f2
school-43715,lga4774a2311524
school-43716,lgac07fca595aa9
school-43717,lga03a912e8133a
school-43720,lga79b8fe15ee4f
school-43722,lga7aa37c79c7ff
school-43724,lga5971dfaf3433
school-43726,lga11ee462056ba
school-43731,lgab64f14d6026f
school-43732,lga18e5bcb45b78
school-43733,lgaee0b3901a073
school-43734,lga83ebf8381de8
school-43736,lgacd5e92fad2d8
school-43738,lgac20f675def30
school-43739,lgad764fa589d34
school-43740,lgaf99ae76baba3
school-43741,lgacf41226610f4
school-43744,lgab9f1c7ce8f4c
school-43745,lgaba86e982b581
school-43746,lgae04a9b8beff3
school-43747,lga945cdd1aa041
school-43748,lgac1eaec79c7a7
school-43750,lga09dd4fbbc477
school-43751,lgaeea486bb6672
school-43752,lgaf1f1eef13783
school-43753,lgaa70ee11ecfe2
school-43754,lgaa70ee11ecfe2
school-43755,lga18e5bcb45b78
school-43756,lga605d8cdb0eb8
school-43757,lgaee0b3901a073
school-43758,lga88366278284a
school-43759,lga2e987509b39d
school-43760,lga123b323d59f1
school-43761,lgadf196edd3a41
school-43762,lga539121ae6aa1
school-43763,lgae04a9b8beff3
school-43765,lga4ad25c8d4bff
school-43767,lga123b323d59f1
school-43768,lga376d180b8860
school-43769,lga4ab258f19347
school-43770,lga7d9d7fde79ba
school-43771,lga35f80aa51641
school-43772,lga1bf4b9703dd4
school-43774,lga03a912e8133a
school-43775,lga2e987509b39d
school-43776,lga20e7710cab71
school-43777,lgac281ed8b03fe
school-43778,lga35f80aa51641
school-43779,lga123b323d59f1
school-43780,lgac030388b8cd2
school-43781,lga376d180b8860
school-43782,lga11ee462056ba
school-43783,lgab64f14d6026f
school-43784,lga605d8cdb0eb8
school-43785,lga605d8cdb0eb8
school-43786,lga358636703171
school-43787,lga7ebdb393dc63
school-43788,lga0cd900c07cca
school-43790,lga3c104304a892
school-43792,lgac6194db78942
school-43793,lga81c3e6b6c380
school-43794,lga09dd4fbbc477
school-43795,lga9b7881f1ee35
school-43796,lga1bf4b9703dd4
school-43797,lga03a912e8133a
school-43798,lga34d12d967e41
school-43799,lga28f729e1ef22
school-43801,lgac030388b8cd2
school-43802,lgaf06f63452dec
school-43803,lga6878096e3730
school-43804,lga2e3aa047bd58
school-43805,lga4774a2311524
school-43806,lgacd5e92fad2d8
school-43807,lga06490af4f38a
school-43808,lgac030388b8cd2
school-43809,lgaf1f1eef13783
school-43810,lga142c33281bd2
school-43811,lgadaad9912738b
school-43812,lgaef8006a5824e
school-43813,lga0cd900c07cca
school-43814,lgaf1f1eef13783
school-43815,lga4ab258f19347
school-43816,lga4ab258f19347
school-43817,lgad764fa589d34
school-43818,lga35f80aa51641
school-43819,lga7fcb85bf145f
school-43820,lgac20f675def30
school-43821,lga0f45891fa7ad
school-43822,lga18e5bcb45b78
school-43823,lga06490af4f38a
school-43824,lgab64f14d6026f
school-43825,lga7aa37c79c7ff
school-43826,lga35f80aa51641
school-43827,lga11ee462056ba
school-43828,lgadaad9912738b
school-43829,lga06490af4f38a
school-43830,lga2e987509b39d
school-43831,lgac07fca595aa9
school-43832,lgab59cd333b8fb
school-43833,lga123b323d59f1
school-43835,lga641dd61419d6
school-43836,lgae04a9b8beff3
school-43838,lga8f7ed7c51d73
school-43839,lga7aa37c79c7ff
school-43840,lga5971dfaf3433
school-43841,lga605d8cdb0eb8
school-43842,lga18e5bcb45b78
school-43843,lga11ee462056ba
school-43844,lga7ebdb393dc63
school-43845,lgac07fca595aa9
school-43846,lga539121ae6aa1
school-43847,lgac07fca595aa9
school-43848,lga11ee462056ba
school-43849,lga098f9fe7f215
school-43850,lga539121ae6aa1
school-43851,lga4ad25c8d4bff
school-43852,lgacf41226610f4
school-43854,lga5971dfaf3433
school-43855,lga945cdd1aa041
school-43856,lga539121ae6aa1
school-43857,lga2e3aa047bd58
school-43858,lga09dd4fbbc477
school-43859,lga539121ae6aa1
school-43860,lgab64f14d6026f
school-43861,lga8f7ed7c51d73
school-43862,lga14af0b5e48b8
school-43863,lga539121ae6aa1
school-43864,lga2a2057496fb7
school-43865,lga1743293bd69b
school-43866,lgaeea486bb6672
school-43867,lgab64f14d6026f
school-43868,lga570242050fb9
school-43869,lga4ab258f19347
school-43871,lgab418fd9e27ef
school-43872,lga09dd4fbbc477
school-43873,lga0cd900c07cca
school-43874,lgacf41226610f4
school-43875,lga570242050fb9
school-43876,lga1bf4b9703dd4
school-43877,lgaa5101cb3dc0e
school-43878,lga570242050fb9
school-43879,lgad764fa589d34
school-43880,lga18e5bcb45b78
school-43883,lga5971dfaf3433
school-43884,lga539121ae6aa1
school-43885,lgaee0b3901a073
school-43887,lga18e02c07dc3d
school-43888,lga68ed6b749934
school-43889,lga54c309a48d69
school-43890,lgab418fd9e27ef
school-43891,lgae04a9b8beff3
school-43892,lga6ea491feb08f
school-43893,lgac07fca595aa9
school-43894,lgaf1f1eef13783
school-43895,lga0f45891fa7ad
school-43896,lga20e7710cab71
school-43897,lgab64f14d6026f
school-43898,lga54c309a48d69
school-43899,lga20e7710cab71
school-43900,lgaa70ee11ecfe2
school-43901,lga7d9d7fde79ba
school-43902,lgaf2bf679736f0
school-43903,lgacd5e92fad2d8
school-43904,lgadf196edd3a41
school-43905,lgaf2bf679736f0
school-43907,lgadf196edd3a41
school-43908,lga7ebdb393dc63
school-43910,lgaa70ee11ecfe2
school-43911,lga0cd900c07cca
school-43913,lga5b48a02a6055
school-43914,lga2e3aa047bd58
school-43915,lgab418fd9e27ef
school-43916,lga8f7ed7c51d73
school-43917,lgadaad9912738b
school-43918,lga4ab258f19347
school-43919,lga11ee462056ba
school-43920,lga0f45891fa7ad
school-43921,lga18e02c07dc3d
school-43922,lga7aa37c79c7ff
school-43923,lgadf196edd3a41
school-43924,lgab418fd9e27ef
school-43925,lga7d9d7fde79ba
school-43926,lgacf41226610f4
school-43927,lga2e3aa047bd58
school-43928,lga2e3aa047bd58
school-43929,lga11ee462056ba
school-43930,lgae1e88444b382
school-43931,lga945cdd1aa041
school-43932,lga539121ae6aa1
school-43934,lga605d8cdb0eb8
school-43935,lga1bf4b9703dd4
school-43936,lgae1e88444b382
school-43937,lgab64f14d6026f
school-43938,lgaf1f1eef13783
school-43939,lga539121ae6aa1
school-43940,lga5b48a02a6055
school-43941,lga605d8cdb0eb8
school-43942,lgac07fca595aa9
school-43943,lga2e3aa047bd58
school-43944,lga0cd900c07cca
school-43945,lga1bf4b9703dd4
school-43946,lga695a89c7b19b
school-43947,lgaa70ee11ecfe2
school-43948,lga03a912e8133a
school-43949,lga2a2057496fb7
school-43950,lgacf41226610f4
school-43951,lgac07fca595aa9
school-43952,lga5c7223f40d56
school-43953,lga0f45891fa7ad
school-43954,lga3d4e330d3d14
school-43955,lga20e7710cab71
school-43956,lga0cd900c07cca
school-43957,lga09dd4fbbc477
school-43958,lgacf41226610f4
school-43959,lgacf41226610f4
school-43960,lga88366278284a
school-43961,lga8f7ed7c51d73
school-43962,lgab64f14d6026f
school-43963,lga14af0b5e48b8
school-43964,lgaa70ee11ecfe2
school-43965,lga34a3bdace333
school-43967,lga14af0b5e48b8
school-43968,lgac20f675def30
school-43969,lga0f45891fa7ad
school-43970,lgaa70ee11ecfe2
school-43971,lga1bf4b9703dd4
school-43972,lga1bf4b9703dd4
school-43973,lga4ab258f19347
school-43974,lga88366278284a
school-43976,lga8f7ed7c51d73
school-43977,lga376d180b8860
school-43978,lgac6194db78942
school-43979,lga4ab258f19347
school-43980,lgacf41226610f4
school-43981,lga641dd61419d6
school-43982,lgaa5101cb3dc0e
school-43983,lga695a89c7b19b
school-43984,lgaa5101cb3dc0e
school-43985,lga8f7ed7c51d73
school-43986,lga18e5bcb45b78
school-43987,lgadd72d6dc964c
school-43988,lgaa5101cb3dc0e
school-43989,lga8f7ed7c51d73
school-43990,lgab64f14d6026f
school-43993,lga1bf4b9703dd4
school-43995,lga7aa37c79c7ff
school-43996,lga4ab258f19347
school-43997,lga20e7710cab71
school-43998,lga11ee462056ba
school-43999,lgac030388b8cd2
school-44000,lgaf1f1eef13783
school-44001,lga11ee462056ba
school-44002,lga4ab258f19347
school-44003,lga4ab258f19347
school-44004,lga20e7710cab71
school-44005,lgab418fd9e27ef
school-44006,lga5c7223f40d56
school-44007,lga539121ae6aa1
school-44008,lgab64f14d6026f
school-44009,lga14af0b5e48b8
school-44010,lgadd72d6dc964c
school-44011,lga945cdd1aa041
school-44013,lga376d180b8860
school-44014,lgaf1f1eef13783
school-44016,lgac07fca595aa9
school-44017,lgacf41226610f4
school-44018,lgae04a9b8beff3
school-44019,lgaf1f1eef13783
school-44020,lga945cdd1aa041
school-44021,lgac6194db78942
school-44022,lga9b7881f1ee35
school-44023,lga4ab258f19347
school-44024,lga7ebdb393dc63
school-44025,lgaf0c8381b1cf5
school-44026,lga09dd4fbbc477
school-44027,lgac030388b8cd2
school-44028,lga4ab258f19347
school-44029,lgaec6b5514c536
school-44030,lga4d167b5c075b
school-44031,lgada11866a4071
school-44032,lgafaedbfa774eb
school-44033,lga7831afcaf1e2
school-44034,lgab3be0b9eb31a
school-44035,lga227fb535494c
school-44036,lga4eb6e129e4f4
school-44038,lgab70a9914e5bc
school-44039,lga79b8fe15ee4f
school-44040,lga891e1f62b45e
school-44041,lgafaedbfa774eb
school-44042,lga53f7b61b0ed6
school-44043,lga9651f4cc7895
school-44044,lga224186279c28
school-44045,lga1a08aa92f8c2
school-44046,lgaa40be6b352b7
school-44047,lga0eac1885ea16
school-44048,lga0eac1885ea16
school-44049,lga90413c6e7ea0
school-44050,lga575ae7e97596
school-44052,lga977c9605ab7d
school-44053,lgada11866a4071
school-44054,lga69684c885dd2
school-44055,lgab3be0b9eb31a
school-44056,lgaf4d7671cd990
school-44057,lga977c9605ab7d
school-44058,lga575ae7e97596
school-44059,lga0eac1885ea16
school-44060,lga891e1f62b45e
school-44061,lga638d2708b9ab
school-44062,lga2513fbdd7033
school-44063,lgaa61a81fb4118
school-44066,lga53f7b61b0ed6
school-44067,lga136d886cbd2c
school-44068,lga227fb535494c
school-44069,lga0930e8ebad68
school-44070,lga5591321694d6
school-44071,lga1a08aa92f8c2
school-44073,lga575ae7e97596
school-44074,lga227fb535494c
school-44075,lga575ae7e97596
school-44076,lgaeb9321b0357b
school-44077,lga5c6d68bc8aa6
school-44078,lgaa61a81fb4118
school-44079,lgaa61a81fb4118
school-44080,lgaca1dd9cec0f0
school-44081,lga575ae7e97596
school-44083,lga575ae7e97596
school-44084,lgaa61a81fb4118
school-44085,lgab70a9914e5bc
school-44086,lga42b2fd54c1e9
school-44087,lga4449559268d6
school-44088,lga0eac1885ea16
school-44089,lga90413c6e7ea0
school-44090,lga0450031d71ce
school-44091,lgaa61a81fb4118
school-44092,lgaa40be6b352b7
school-44093,lga638d2708b9ab
school-44094,lgaJ2LPN2y4pll0
school-44095,lga4eb6e129e4f4
school-44096,lgaa0f71a56be3f
school-44097,lga26260a89bb1b
school-44098,lga8751f70e5df3
school-44099,lga5c6d68bc8aa6
school-44100,lgaa61a81fb4118
school-44101,lgaca1dd9cec0f0
school-44102,lga227fb535494c
school-44103,lga4d167b5c075b
school-44105,lga5c6d68bc8aa6
school-44107,lgaedbf8eb2d054
school-44108,lgadd6ba71d5cd0
school-44109,lga4d167b5c075b
school-44110,lga0eac1885ea16
school-44111,lga9651f4cc7895
school-44112,lgaa61a81fb4118
school-44113,lgaa0f71a56be3f
school-44114,lgabff52ad8fdf9
school-44115,lga5c6d68bc8aa6
school-44116,lgaa61a81fb4118
school-44117,lgada11866a4071
school-44118,lga53026dafea91
school-44119,lga0eac1885ea16
school-44120,lga5c6d68bc8aa6
school-44121,lgaae260494d80c
school-44122,lga9651f4cc7895
school-44123,lga90413c6e7ea0
school-44124,lga4d167b5c075b
school-44125,lgab70a9914e5bc
school-44126,lgaa2fb93819c9e
school-44127,lgaa61a81fb4118
school-44128,lga4eb6e129e4f4
school-44129,lgaa40be6b352b7
school-44131,lga15c9c80d4be7
school-44132,lgabff52ad8fdf9
school-44133,lga575ae7e97596
school-44134,lga98337d58aaa4
school-44135,lga72904b64c519
school-44136,lga4eb6e129e4f4
school-44137,lga90413c6e7ea0
school-44138,lga227fb535494c
school-44139,lga4d167b5c075b
school-44140,lga136d886cbd2c
school-44141,lgaf4d7671cd990
school-44142,lga48c76dfa462e
school-44143,lga744d9df35829
school-44144,lga5bfafb32b8d5
school-44145,lga72904b64c519
school-44146,lga136d886cbd2c
school-44147,lga691f580f3258
school-44148,lgadbd419ff24e3
school-44149,lga48c76dfa462e
school-44150,lga5e8f0b6a35b1
school-44151,lgafaedbfa774eb
school-44152,lga8751f70e5df3
school-44153,lga4d167b5c075b
school-44154,lga6f3147bcaaee
school-44155,lga4eb6e129e4f4
school-44156,lgaedbf8eb2d054
school-44157,lga227fb535494c
school-44158,lgadbd419ff24e3
school-44159,lga575ae7e97596
school-44160,lgaa61a81fb4118
school-44161,lgaca1dd9cec0f0
school-44162,lgab70a9914e5bc
school-44163,lga6ede3850c9ef
school-44164,lga0930e8ebad68
school-44165,lga3476c1d9fd7f
school-44166,lgaa2fb93819c9e
school-44167,lga42b2fd54c1e9
school-44168,lgaca1dd9cec0f0
school-44169,lga977c9605ab7d
school-44170,lga98337d58aaa4
school-44171,lgadbd419ff24e3
school-44173,lga575ae7e97596
school-44174,lga3476c1d9fd7f
school-44175,lga3476c1d9fd7f
school-44176,lga977c9605ab7d
school-44177,lgaa61a81fb4118
school-44178,lga575ae7e97596
school-44179,lga0450031d71ce
school-44180,lga0061bf039442
school-44181,lga0930e8ebad68
school-44182,lgaacfaedf6a58f
school-44183,lga98337d58aaa4
school-44184,lgadbd419ff24e3
school-44185,lgadbd419ff24e3
school-44186,lga26260a89bb1b
school-44187,lga3476c1d9fd7f
school-44188,lga0061bf039442
school-44189,lga0eac1885ea16
school-44190,lgaa61a81fb4118
school-44191,lgaca1dd9cec0f0
school-44192,lga0930e8ebad68
school-44193,lgaca1dd9cec0f0
school-44194,lga9651f4cc7895
school-44195,lga69684c885dd2
school-44196,lgab70a9914e5bc
school-44197,lga0061bf039442
school-44198,lga69684c885dd2
school-44199,lga5c6d68bc8aa6
school-44200,lga7831afcaf1e2
school-44201,lga4d167b5c075b
school-44202,lga691f580f3258
school-44203,lga744d9df35829
school-44204,lga5c6d68bc8aa6
school-44205,lga4d167b5c075b
school-44206,lga72904b64c519
school-44208,lgaae260494d80c
school-44209,lga1a793093877f
school-44210,lga977c9605ab7d
school-44211,lga4eb6e129e4f4
school-44212,lga8751f70e5df3
school-44213,lga72904b64c519
school-44214,lga2f887f3655b9
school-44215,lga136d886cbd2c
school-44216,lga227fb535494c
school-44217,lgaca1dd9cec0f0
school-44218,lga0930e8ebad68
school-44219,lgafaedbfa774eb
school-44220,lga575ae7e97596
school-44221,lgab70a9914e5bc
school-44222,lga4d167b5c075b
school-44223,lgaedbf8eb2d054
school-44224,lgad68479123642
school-44225,lga224186279c28
school-44226,lga69684c885dd2
school-44227,lgad4e3c91c7130
school-44228,lga26260a89bb1b
school-44229,lga98337d58aaa4
school-44230,lga82035025d67f
school-44231,lga575ae7e97596
school-44232,lgadd7fe82edc77
school-44233,lgaae260494d80c
school-44234,lga72904b64c519
school-44235,lgaae260494d80c
school-44236,lga4449559268d6
school-44237,lga0eac1885ea16
school-44238,lgadbd419ff24e3
school-44239,lga48c76dfa462e
school-44241,lgab70a9914e5bc
school-44242,lgab70a9914e5bc
school-44243,lgaa2fb93819c9e
school-44244,lgaa61a81fb4118
school-44245,lgaae260494d80c
school-44246,lgaac2e88625ea2
school-44247,lga90413c6e7ea0
school-44249,lgaedbf8eb2d054
school-44250,lga5591321694d6
school-44251,lga575ae7e97596
school-44252,lga26260a89bb1b
school-44253,lga8751f70e5df3
school-44254,lga28e3b9095cd3
school-44255,lgabff52ad8fdf9
school-44256,lgafaedbfa774eb
school-44257,lga4449559268d6
school-44258,lga977c9605ab7d
school-44259,lga6ede3850c9ef
school-44260,lga1a793093877f
school-44261,lga69684c885dd2
school-44262,lgaac2e88625ea2
school-44264,lga1aae6e9a27ff
school-44265,lgabff52ad8fdf9
school-44266,lga744d9df35829
school-44267,lgaca1dd9cec0f0
school-44268,lgabff52ad8fdf9
school-44269,lga5bfafb32b8d5
school-44270,lgadd6ba71d5cd0
school-44271,lgab65bc8ec7820
school-44272,lgaa61a81fb4118
school-44273,lga224186279c28
school-44274,lga292a6552ec8c
school-44275,lga77d96c3addfd
school-44276,lgaca1dd9cec0f0
school-44277,lgabff52ad8fdf9
school-44278,lga575ae7e97596
school-44279,lga1a793093877f
school-44280,lgaf76bb579e827
school-44281,lga4eb6e129e4f4
school-44282,lgab70a9914e5bc
school-44283,lga1a793093877f
school-44284,lga1a793093877f
school-44285,lga1a793093877f
school-44286,lga5c6d68bc8aa6
school-44287,lgadd7fe82edc77
school-44288,lga0ddc15fef4c5
school-44290,lgaae260494d80c
school-44291,lgaa0f71a56be3f
school-44292,lgad68479123642
school-44293,lgaca1dd9cec0f0
school-44294,lgadbd419ff24e3
school-44295,lgaae260494d80c
school-44296,lga5c6d68bc8aa6
school-44297,lga4449559268d6
school-44298,lga227fb535494c
school-44299,lga5bfafb32b8d5
school-44300,lga891e1f62b45e
school-44301,lga0930e8ebad68
school-44302,lga575ae7e97596
school-44303,lga1a793093877f
school-44304,lga53f7b61b0ed6
school-44305,lgaa9c96a55e122
school-44306,lga28e3b9095cd3
school-44307,lga575ae7e97596
school-44308,lga90413c6e7ea0
school-44309,lga8751f70e5df3
school-44310,lga5c6d68bc8aa6
school-44311,lga1a793093877f
school-44312,lgaae260494d80c
school-44313,lga9651f4cc7895
school-44314,lga227fb535494c
school-44315,lgaf76bb579e827
school-44316,lga98337d58aaa4
school-44317,lgabff52ad8fdf9
school-44319,lga90413c6e7ea0
school-44320,lgab70a9914e5bc
school-44321,lga575ae7e97596
school-44322,lga28e3b9095cd3
school-44323,lga575ae7e97596
school-44324,lga15c9c80d4be7
school-44325,lga227fb535494c
school-44326,lgae1dcbacb8510
school-44327,lga90413c6e7ea0
school-44328,lga1a793093877f
school-44329,lga72904b64c519
school-44330,lgafaedbfa774eb
school-44331,lgaeb9321b0357b
school-44332,lga227fb535494c
school-44333,lga8751f70e5df3
school-44334,lga9651f4cc7895
school-44335,lgaa61a81fb4118
school-44336,lga977c9605ab7d
school-44337,lga69684c885dd2
school-44338,lgaa2fb93819c9e
school-44339,lgafaedbfa774eb
school-44341,lga4d167b5c075b
school-44342,lga891e1f62b45e
school-44343,lga69684c885dd2
school-44344,lgabff52ad8fdf9
school-44345,lga7831afcaf1e2
school-44346,lga0061bf039442
school-44347,lga1a793093877f
school-44348,lga72904b64c519
school-44349,lga1a793093877f
school-44350,lgab70a9914e5bc
school-44351,lgabff52ad8fdf9
school-44352,lgada11866a4071
school-44353,lga6f3147bcaaee
school-44354,lga1a793093877f
school-44355,lga136d886cbd2c
school-44356,lga575ae7e97596
school-44358,lgadbd419ff24e3
school-44359,lgab70a9914e5bc
school-44360,lgaf4d7671cd990
school-44361,lga575ae7e97596
school-44363,lgaae260494d80c
school-44365,lgafaedbfa774eb
school-44366,lgaacfaedf6a58f
school-44367,lga6f3147bcaaee
school-44368,lga1a793093877f
school-44369,lga6ede3850c9ef
school-44370,lga4449559268d6
school-44371,lga227fb535494c
school-44372,lgae1dcbacb8510
school-44373,lga891e1f62b45e
school-44375,lga72904b64c519
school-44376,lga227fb535494c
school-44377,lga227fb535494c
school-44378,lga2513fbdd7033
school-44379,lgaa61a81fb4118
school-44380,lgaa0f71a56be3f
school-44381,lga575ae7e97596
school-44382,lga4eb6e129e4f4
school-44383,lga77d96c3addfd
school-44384,lga4e7c0f04e5f4
school-44385,lga48c76dfa462e
school-44386,lga77d96c3addfd
school-44387,lga6ede3850c9ef
school-44388,lga4eb6e129e4f4
school-44389,lga53026dafea91
school-44390,lga4d167b5c075b
school-44391,lgaa0f71a56be3f
school-44392,lga575ae7e97596
school-44393,lgaae260494d80c
school-44394,lgaeb9321b0357b
school-44395,lga77d96c3addfd
school-44396,lgab70a9914e5bc
school-44397,lgaa40be6b352b7
school-44398,lga69684c885dd2
school-44399,lga1a08aa92f8c2
school-44400,lgab70a9914e5bc
school-44401,lga90413c6e7ea0
school-44402,lgab70a9914e5bc
school-44403,lga53f7b61b0ed6
school-44404,lga0eac1885ea16
school-44405,lga977c9605ab7d
school-44407,lga26260a89bb1b
school-44408,lga4e7c0f04e5f4
school-44409,lga227fb535494c
school-44410,lga5591321694d6
school-44411,lgaca1dd9cec0f0
school-44412,lga891e1f62b45e
school-44413,lga4e7c0f04e5f4
school-44414,lga48c76dfa462e
school-44415,lga292a6552ec8c
school-44416,lgaa0f71a56be3f
school-44417,lgab70a9914e5bc
school-44418,lgab70a9914e5bc
school-44419,lga77d96c3addfd
school-44420,lga977c9605ab7d
school-44421,lga5e8f0b6a35b1
school-44422,lga1a08aa92f8c2
school-44423,lga292a6552ec8c
school-44424,lga77d96c3addfd
school-44425,lga4e7c0f04e5f4
school-44427,lga5e8f0b6a35b1
school-44428,lga227fb535494c
school-44431,lgaacfaedf6a58f
school-44432,lga28e3b9095cd3
school-44433,lga15c9c80d4be7
school-44434,lga77d96c3addfd
school-44435,lga5e8f0b6a35b1
school-44436,lga77d96c3addfd
school-44437,lgaa2fb93819c9e
school-44438,lga77d96c3addfd
school-44439,lga72904b64c519
school-44440,lga79b8fe15ee4f
school-44441,lga4e7c0f04e5f4
school-44442,lgac69cfd288672
school-44443,lgaf4d7671cd990
school-44444,lgac69cfd288672
school-44445,lga5c66b4f8531c
school-44447,lgadbd419ff24e3
school-44448,lga292a6552ec8c
school-44450,lgab70a9914e5bc
school-44451,lga136d886cbd2c
school-44452,lga77d96c3addfd
school-44453,lga77d96c3addfd
school-44454,lga6ede3850c9ef
school-44455,lga77d96c3addfd
school-44456,lga69684c885dd2
school-44457,lgaacfaedf6a58f
school-44459,lga72904b64c519
school-44460,lga575ae7e97596
school-44461,lgadd6ba71d5cd0
school-44462,lga5e8f0b6a35b1
school-44463,lga5c66b4f8531c
school-44464,lga5e8f0b6a35b1
school-44465,lga77d96c3addfd
school-44466,lga5591321694d6
school-44468,lga227fb535494c
school-44469,lgadbd419ff24e3
school-44470,lgad68479123642
school-44471,lga77d96c3addfd
school-44472,lga42b2fd54c1e9
school-44473,lga77d96c3addfd
school-44474,lgac69cfd288672
school-44475,lga4d167b5c075b
school-44476,lga77d96c3addfd
school-44478,lgadbd419ff24e3
school-44480,lgac69cfd288672
school-44481,lga1a793093877f
school-44482,lga575ae7e97596
school-44483,lgae1dcbacb8510
school-44484,lgadbd419ff24e3
school-44485,lgadd6ba71d5cd0
school-44486,lga638d2708b9ab
school-44487,lga5e8f0b6a35b1
school-44488,lga69684c885dd2
school-44489,lgac69cfd288672
school-44490,lgae1dcbacb8510
school-44491,lga69684c885dd2
school-44492,lga69684c885dd2
school-44493,lga48c76dfa462e
school-44494,lgaf4d7671cd990
school-44495,lga72904b64c519
school-44496,lgabff52ad8fdf9
school-44498,lga7831afcaf1e2
school-44499,lgaa40be6b352b7
school-44500,lga5bfafb32b8d5
school-44501,lga77d96c3addfd
school-44502,lgac69cfd288672
school-44503,lga5e8f0b6a35b1
school-44504,lgac69cfd288672
school-44505,lgaJ2LPN2y4pll0
school-44506,lga72904b64c519
school-44507,lgaac2e88625ea2
school-44508,lga0450031d71ce
school-44509,lgad68479123642
school-44510,lga4e7c0f04e5f4
school-44511,lgaa9c96a55e122
school-44512,lga6ede3850c9ef
school-44513,lgad68479123642
school-44514,lgadbd419ff24e3
school-44515,lga2513fbdd7033
school-44516,lgaJ2LPN2y4pll0
school-44517,lga77d96c3addfd
school-44518,lga48c76dfa462e
school-44519,lga53f7b61b0ed6
school-44520,lga5e8f0b6a35b1
school-44521,lga9bd137c30d17
school-44522,lgac69cfd288672
school-44524,lga638d2708b9ab
school-44525,lga0450031d71ce
school-44526,lga5c66b4f8531c
school-44527,lgaee4000c6a5c1
school-44529,lga0450031d71ce
school-44530,lga72904b64c519
school-44531,lgad68479123642
school-44532,lga0930e8ebad68
school-44533,lga691f580f3258
school-44534,lga4449559268d6
school-44535,lgadbd419ff24e3
school-44536,lga977c9605ab7d
school-44537,lga891e1f62b45e
school-44538,lga72904b64c519
school-44539,lga77d96c3addfd
school-44540,lgaf76bb579e827
school-44541,lga5c66b4f8531c
school-44542,lga1aae6e9a27ff
school-44544,lgae1dcbacb8510
school-44545,lga69684c885dd2
school-44546,lga5c66b4f8531c
school-44547,lgac69cfd288672
school-44549,lga72904b64c519
school-44550,lgaac2e88625ea2
school-44551,lga8751f70e5df3
school-44552,lga1a793093877f
school-44553,lga9bd137c30d17
school-44554,lga5c66b4f8531c
school-44555,lga69684c885dd2
school-44556,lgaJ2LPN2y4pll0
school-44557,lgaa2fb93819c9e
school-44558,lga227fb535494c
school-44559,lga28e3b9095cd3
school-44560,lga4449559268d6
school-44561,lgaf76bb579e827
school-44563,lga69684c885dd2
school-44564,lga5bfafb32b8d5
school-44565,lga5c6d68bc8aa6
school-44566,lga4449559268d6
school-44567,lga0930e8ebad68
school-44568,lgaee4000c6a5c1
school-44570,lgaee4000c6a5c1
school-44571,lgaJ2LPN2y4pll0
school-44572,lga72904b64c519
school-44573,lgadbd419ff24e3
school-44574,lgadbd419ff24e3
school-44575,lgadbd419ff24e3
school-44576,lgaa2fb93819c9e
school-44577,lgab3be0b9eb31a
school-44578,lgaa2fb93819c9e
school-44579,lgadbd419ff24e3
school-44580,lga2f887f3655b9
school-44581,lgadbd419ff24e3
school-44582,lgadbd419ff24e3
school-44583,lga0ddc15fef4c5
school-44584,lgadbd419ff24e3
school-44586,lgaa2fb93819c9e
school-44587,lgad4e3c91c7130
school-44588,lga5c66b4f8531c
school-44589,lga691f580f3258
school-44590,lga691f580f3258
school-44591,lga227fb535494c
school-44592,lgadbd419ff24e3
school-44593,lgaeb9321b0357b
school-44596,lgac69cfd288672
school-44597,lga691f580f3258
school-44598,lga5c66b4f8531c
school-44599,lga42b2fd54c1e9
school-44600,lga2f887f3655b9
school-44601,lga15c9c80d4be7
school-44602,lga72904b64c519
school-44604,lga9bd137c30d17
school-44605,lgadbd419ff24e3
school-44606,lgaee4000c6a5c1
school-44607,lgafa7d75c94e0c
school-44608,lgaae260494d80c
school-44610,lgadbd419ff24e3
school-44611,lgaa40be6b352b7
school-44612,lga575ae7e97596
school-44613,lga72904b64c519
school-44614,lgadd7fe82edc77
school-44615,lgac69cfd288672
school-44616,lga69684c885dd2
school-44617,lgadbd419ff24e3
school-44618,lgaf76bb579e827
school-44619,lga42b2fd54c1e9
school-44620,lga0930e8ebad68
school-44621,lgaee4000c6a5c1
school-44622,lga5e8f0b6a35b1
school-44623,lgaJ2LPN2y4pll0
school-44624,lgaJ2LPN2y4pll0
school-44625,lga4449559268d6
school-44626,lga77d96c3addfd
school-44627,lgadd7fe82edc77
school-44628,lgaa0f71a56be3f
school-44629,lgadbd419ff24e3
school-44630,lga53f7b61b0ed6
school-44631,lgadbd419ff24e3
school-44632,lgadbd419ff24e3
school-44633,lgaac2e88625ea2
school-44634,lga224186279c28
school-44635,lga891e1f62b45e
school-44636,lgab65bc8ec7820
school-44637,lga0930e8ebad68
school-44638,lga72904b64c519
school-44639,lga575ae7e97596
school-44640,lgac69cfd288672
school-44641,lga1a793093877f
school-44642,lgaee4000c6a5c1
school-44643,lga9bd137c30d17
school-44644,lgaf4d7671cd990
school-44645,lgaacfaedf6a58f
school-44646,lgaac2e88625ea2
school-44647,lga42b2fd54c1e9
school-44648,lga691f580f3258
school-44651,lga53f7b61b0ed6
school-44652,lgadd6ba71d5cd0
school-44653,lga4eb6e129e4f4
school-44654,lga691f580f3258
school-44655,lga1a793093877f
school-44656,lga5bfafb32b8d5
school-44657,lgaee4000c6a5c1
school-44658,lga9bd137c30d17
school-44659,lgadd7fe82edc77
school-44660,lga0450031d71ce
school-44661,lga292a6552ec8c
school-44662,lga5bfafb32b8d5
school-44663,lga5bfafb32b8d5
school-44664,lga2513fbdd7033
school-44665,lgadbd419ff24e3
school-44666,lga53f7b61b0ed6
school-44667,lga53f7b61b0ed6
school-44668,lga1a793093877f
school-44670,lga72904b64c519
school-44671,lga224186279c28
school-44672,lga891e1f62b45e
school-44673,lgaacfaedf6a58f
school-44674,lgaa2fb93819c9e
school-44675,lga69684c885dd2
school-44676,lgaf4d7671cd990
school-44677,lgaf4d7671cd990
school-44678,lga977c9605ab7d
school-44679,lgaJ2LPN2y4pll0
school-44680,lgad68479123642
school-44681,lga0450031d71ce
school-44682,lga1a793093877f
school-44683,lga977c9605ab7d
school-44684,lgadbd419ff24e3
school-44685,lga5bfafb32b8d5
school-44686,lga5e8f0b6a35b1
school-44687,lga72904b64c519
school-44688,lgaf4d7671cd990
school-44690,lgadbd419ff24e3
school-44691,lgaee4000c6a5c1
school-44692,lga638d2708b9ab
school-44693,lga2513fbdd7033
school-44694,lgadbd419ff24e3
school-44695,lga638d2708b9ab
school-44696,lga638d2708b9ab
school-44698,lga0930e8ebad68
school-44699,lgaee4000c6a5c1
school-44700,lga977c9605ab7d
school-44701,lga891e1f62b45e
school-44702,lgaa40be6b352b7
school-44703,lgaacfaedf6a58f
school-44704,lga9bd137c30d17
school-44705,lga77d96c3addfd
school-44706,lga5591321694d6
school-44707,lgaeb9321b0357b
school-44708,lgafa7d75c94e0c
school-44709,lgaee4000c6a5c1
school-44710,lgae1dcbacb8510
school-44711,lgafa7d75c94e0c
school-44712,lgaJ2LPN2y4pll0
school-44713,lga53026dafea91
school-44714,lga2513fbdd7033
school-44716,lga4d167b5c075b
school-44717,lga0930e8ebad68
school-44718,lga691f580f3258
school-44719,lga15c9c80d4be7
school-44720,lga5bfafb32b8d5
school-44721,lga0930e8ebad68
school-44722,lga691f580f3258
school-44723,lga977c9605ab7d
school-44724,lgada11866a4071
school-44725,lgab65bc8ec7820
school-44726,lgafa7d75c94e0c
school-44727,lga638d2708b9ab
school-44728,lga227fb535494c
school-44729,lga72904b64c519
school-44730,lga691f580f3258
school-44731,lgaee4000c6a5c1
school-44732,lgaf76bb579e827
school-44733,lga1a793093877f
school-44734,lga5c66b4f8531c
school-44735,lgadd7fe82edc77
school-44737,lgaJ2LPN2y4pll0
school-44738,lga5bfafb32b8d5
school-44739,lga0930e8ebad68
school-44740,lga9bd137c30d17
school-44741,lga0930e8ebad68
school-44742,lga9bd137c30d17
school-44743,lga4d167b5c075b
school-44744,lgaeb9321b0357b
school-44745,lga5591321694d6
school-44746,lga1a793093877f
school-44747,lga9bd137c30d17
school-44748,lga691f580f3258
school-44749,lga5591321694d6
school-44750,lga4d167b5c075b
school-44751,lgaee4000c6a5c1
school-44752,lga227fb535494c
school-44753,lgaJ2LPN2y4pll0
school-44754,lga1a793093877f
school-44755,lga891e1f62b45e
school-44757,lga53f7b61b0ed6
school-44758,lga224186279c28
school-44759,lga69684c885dd2
school-44760,lgadbd419ff24e3
school-44761,lgaJ2LPN2y4pll0
school-44763,lga5591321694d6
school-44764,lgaacfaedf6a58f
school-44765,lga638d2708b9ab
school-44766,lga0930e8ebad68
school-44767,lga0930e8ebad68
school-44768,lgabff52ad8fdf9
school-44769,lga136d886cbd2c
school-44770,lga5bfafb32b8d5
school-44771,lga5e8f0b6a35b1
school-44772,lga5e8f0b6a35b1
school-44773,lga1a793093877f
school-44774,lga69684c885dd2
school-44775,lga5e8f0b6a35b1
school-44776,lga227fb535494c
school-44778,lga1a793093877f
school-44779,lgae1dcbacb8510
school-44780,lga5e8f0b6a35b1
school-44781,lga0930e8ebad68
school-44782,lga5bfafb32b8d5
school-44784,lga227fb535494c
school-44785,lgadd7fe82edc77
school-44786,lgadbd419ff24e3
school-44787,lga5bfafb32b8d5
school-44788,lga9bd137c30d17
school-44789,lga4e7c0f04e5f4
school-44790,lgab70a9914e5bc
school-44791,lga79b8fe15ee4f
school-44793,lga0930e8ebad68
school-44794,lga77d96c3addfd
school-44795,lgaa9c96a55e122
school-44796,lgaa9c96a55e122
school-44797,lga5e8f0b6a35b1
school-44798,lga5e8f0b6a35b1
school-44799,lgafa7d75c94e0c
school-44800,lgaJ2LPN2y4pll0
school-44802,lgaa0f71a56be3f
school-44803,lga5bfafb32b8d5
school-44804,lga9bd137c30d17
school-44805,lga0450031d71ce
school-44806,lga15c9c80d4be7
school-44807,lga0450031d71ce
school-44808,lgaacfaedf6a58f
school-44809,lga48c76dfa462e
school-44810,lgaJ2LPN2y4pll0
school-44811,lgab65bc8ec7820
school-44812,lga72904b64c519
school-44813,lga575ae7e97596
school-44814,lgab65bc8ec7820
school-44815,lgaJ2LPN2y4pll0
school-44816,lga0930e8ebad68
school-44817,lga227fb535494c
school-44818,lga5e8f0b6a35b1
school-44819,lgaf76bb579e827
school-44820,lga1a793093877f
school-44821,lga2f887f3655b9
school-44822,lgaf76bb579e827
school-44823,lgaf76bb579e827
school-44824,lga5591321694d6
school-44826,lga26260a89bb1b
school-44827,lga5591321694d6
school-44828,lga691f580f3258
school-44829,lga891e1f62b45e
school-44830,lgabff52ad8fdf9
school-44831,lgab70a9914e5bc
school-44832,lgab70a9914e5bc
school-44833,lga5bfafb32b8d5
school-44834,lga72904b64c519
school-44835,lga227fb535494c
school-44836,lga3476c1d9fd7f
school-44837,lgada11866a4071
school-44838,lgaa40be6b352b7
school-44839,lga1a08aa92f8c2
school-44840,lga9bd137c30d17
school-44841,lgadd7fe82edc77
school-44843,lga2513fbdd7033
school-44844,lga2513fbdd7033
school-44845,lga691f580f3258
school-44846,lgab65bc8ec7820
school-44847,lga53f7b61b0ed6
school-44848,lga227fb535494c
school-44849,lgab65bc8ec7820
school-44850,lga0450031d71ce
school-44851,lgaJ2LPN2y4pll0
school-44852,lgab65bc8ec7820
school-44853,lgaf76bb579e827
school-44854,lga638d2708b9ab
school-44855,lgab3be0b9eb31a
school-44856,lga79b8fe15ee4f
school-44857,lgadd7fe82edc77
school-44858,lga0450031d71ce
school-44859,lgafa7d75c94e0c
school-44860,lga638d2708b9ab
school-44861,lga15c9c80d4be7
school-44862,lgaa0f71a56be3f
school-44863,lga15c9c80d4be7
school-44864,lga9bd137c30d17
school-44865,lga691f580f3258
school-44866,lga0450031d71ce
school-44867,lga5bfafb32b8d5
school-44869,lgaf76bb579e827
school-44871,lga691f580f3258
school-44872,lga3476c1d9fd7f
school-44873,lga4d167b5c075b
school-44874,lgab3be0b9eb31a
school-44875,lgaf76bb579e827
school-44876,lga0450031d71ce
school-44877,lga0450031d71ce
school-44878,lga227fb535494c
school-44879,lga227fb535494c
school-44880,lgab3be0b9eb31a
school-44881,lga227fb535494c
school-44882,lga15c9c80d4be7
school-44883,lga3476c1d9fd7f
school-44884,lgaJ2LPN2y4pll0
school-44885,lga638d2708b9ab
school-44886,lgafa7d75c94e0c
school-44888,lga0450031d71ce
school-44889,lga227fb535494c
school-44890,lgafa7d75c94e0c
school-44891,lga891e1f62b45e
school-44892,lga5591321694d6
school-44893,lga5591321694d6
school-44894,lgadbd419ff24e3
school-44895,lgaedbf8eb2d054
school-44897,lga977c9605ab7d
school-44899,lgadd7fe82edc77
school-44900,lga15c9c80d4be7
school-44901,lgaacfaedf6a58f
school-44902,lgaacfaedf6a58f
school-44903,lgaacfaedf6a58f
school-44904,lga691f580f3258
school-44905,lgafa7d75c94e0c
school-44907,lgaJ2LPN2y4pll0
school-44908,lgafa7d75c94e0c
school-44909,lgab65bc8ec7820
school-44910,lga227fb535494c
school-44911,lgadd7fe82edc77
school-44912,lga15c9c80d4be7
school-44913,lga15c9c80d4be7
school-44914,lga5591321694d6
school-44919,lga224186279c28
school-44920,lga0450031d71ce
school-44922,lga8751f70e5df3
school-44923,lga5591321694d6
school-44924,lgab70a9914e5bc
school-44925,lgadbd419ff24e3
school-44926,lgadd7fe82edc77
school-44927,lga1a793093877f
school-44928,lga5591321694d6
school-44929,lgaf76bb579e827
school-44930,lgaf76bb579e827
school-44931,lga292a6552ec8c
school-44932,lga3476c1d9fd7f
school-44933,lga3476c1d9fd7f
school-44934,lga691f580f3258
school-44936,lgab3be0b9eb31a
school-44937,lga227fb535494c
school-44938,lgaacfaedf6a58f
school-44939,lga15c9c80d4be7
school-44941,lga5e8f0b6a35b1
school-44942,lga227fb535494c
school-44943,lgaacfaedf6a58f
school-44944,lgadd7fe82edc77
school-44945,lga5e8f0b6a35b1
school-44946,lgaa0f71a56be3f
school-44947,lgaf76bb579e827
school-44948,lgadd6ba71d5cd0
school-44949,lga227fb535494c
school-44950,lgab3be0b9eb31a
school-44951,lga15c9c80d4be7
school-44952,lga5591321694d6
school-44953,lgab65bc8ec7820
school-44954,lgaacfaedf6a58f
school-44955,lgab3be0b9eb31a
school-44958,lga48c76dfa462e
school-44959,lgadd7fe82edc77
school-44960,lgaa0f71a56be3f
school-44961,lgaacfaedf6a58f
school-44962,lga53026dafea91
school-44964,lgadd7fe82edc77
school-44965,lga3476c1d9fd7f
school-44966,lga3476c1d9fd7f
school-44967,lgadbd419ff24e3
school-44968,lga15c9c80d4be7
school-44969,lgadbd419ff24e3
school-44970,lgaacfaedf6a58f
school-44971,lga5591321694d6
school-44972,lgab3be0b9eb31a
school-44973,lga1a793093877f
school-44974,lga4d167b5c075b
school-44975,lga0450031d71ce
school-44976,lga5591321694d6
school-44978,lgaf76bb579e827
school-44979,lga3476c1d9fd7f
school-44980,lgaa0f71a56be3f
school-44981,lga42b2fd54c1e9
school-44982,lga977c9605ab7d
school-44983,lga15c9c80d4be7
school-44984,lgaacfaedf6a58f
school-44985,lga69684c885dd2
school-44986,lga79b8fe15ee4f
school-44987,lgadd7fe82edc77
school-44988,lga4449559268d6
school-44989,lgafa7d75c94e0c
school-44990,lgaf76bb579e827
school-44991,lgadbd419ff24e3
school-44992,lga53026dafea91
school-44993,lgaf76bb579e827
school-44994,lgadd7fe82edc77
school-44995,lgab65bc8ec7820
school-44996,lgadbd419ff24e3
school-44997,lgadbd419ff24e3
school-44998,lgaf76bb579e827
school-44999,lgadbd419ff24e3
school-45000,lgad235bc15860c
school-45001,lga638d2708b9ab
school-45002,lga891e1f62b45e
school-45003,lgafa7d75c94e0c
school-45004,lga227fb535494c
school-45005,lga5e8f0b6a35b1
school-45006,lgadd7fe82edc77
school-45007,lgaacfaedf6a58f
school-45008,lgaf76bb579e827
school-45009,lgab65bc8ec7820
school-45010,lga1a793093877f
school-45011,lga42b2fd54c1e9
school-45012,lga53026dafea91
school-45013,lga3476c1d9fd7f
school-45014,lga15c9c80d4be7
school-45015,lga15c9c80d4be7
school-45016,lga3476c1d9fd7f
school-45017,lgab3be0b9eb31a
school-45018,lga691f580f3258
school-45019,lgab3be0b9eb31a
school-45020,lga15c9c80d4be7
school-45021,lga691f580f3258
school-45022,lga638d2708b9ab
school-45023,lga15c9c80d4be7
school-45024,lga0450031d71ce
school-45026,lga5e8f0b6a35b1
school-45027,lgaf76bb579e827
school-45028,lgab65bc8ec7820
school-45029,lgafa7d75c94e0c
school-45030,lga227fb535494c
school-45031,lgadbd419ff24e3
school-45032,lgaa0f71a56be3f
school-45033,lgab3be0b9eb31a
school-45034,lga891e1f62b45e
school-45035,lgaacfaedf6a58f
school-45036,lgafa7d75c94e0c
school-45037,lga69684c885dd2
school-45038,lgaa0f71a56be3f
school-45039,lgadd7fe82edc77
school-45040,lga891e1f62b45e
school-45041,lgaf76bb579e827
school-45042,lga69684c885dd2
school-45043,lga79b8fe15ee4f
school-45044,lga691f580f3258
school-45045,lgadd7fe82edc77
school-45047,lgad68479123642
school-45048,lga4e7c0f04e5f4
school-45050,lga15c9c80d4be7
school-45051,lga53026dafea91
school-45052,lga1a793093877f
school-45053,lga0450031d71ce
school-45054,lgaa0f71a56be3f
school-45055,lga977c9605ab7d
school-45056,lga42b2fd54c1e9
school-45057,lgab65bc8ec7820
school-45058,lga53026dafea91
school-45059,lgab3be0b9eb31a
school-45060,lga69684c885dd2
school-45061,lga224186279c28
school-45062,lgadbd419ff24e3
school-45064,lga15c9c80d4be7
school-45065,lgaf76bb579e827
school-45066,lga3476c1d9fd7f
school-45067,lga69684c885dd2
school-45068,lga977c9605ab7d
school-45069,lga227fb535494c
school-45070,lga3476c1d9fd7f
school-45072,lga891e1f62b45e
school-45073,lga691f580f3258
school-45074,lgadd7fe82edc77
school-45075,lgadbd419ff24e3
school-45076,lgadbd419ff24e3
school-45077,lgaac2e88625ea2
school-45078,lgaacfaedf6a58f
school-45079,lga3476c1d9fd7f
school-45080,lga4eb6e129e4f4
school-45081,lgab70a9914e5bc
school-45082,lga69684c885dd2
school-45083,lga891e1f62b45e
school-45084,lga42b2fd54c1e9
school-45085,lgabff52ad8fdf9
school-45086,lgafa7d75c94e0c
school-45087,lgab3be0b9eb31a
school-45088,lga891e1f62b45e
school-45089,lgaf76bb579e827
school-45090,lga3476c1d9fd7f
school-45091,lga5bfafb32b8d5
school-45092,lga5e8f0b6a35b1
school-45093,lga79b8fe15ee4f
school-45094,lga0450031d71ce
school-45095,lgabff52ad8fdf9
school-45096,lga3476c1d9fd7f
school-45097,lga26260a89bb1b
school-45098,lga69684c885dd2
school-45099,lga891e1f62b45e
school-45100,lga891e1f62b45e
school-45101,lgaacfaedf6a58f
school-45102,lga891e1f62b45e
school-45103,lgaf76bb579e827
school-45104,lga891e1f62b45e
school-45105,lga69684c885dd2
school-45106,lga691f580f3258
school-45107,lgadbd419ff24e3
school-45108,lga3476c1d9fd7f
school-45109,lgaa0f71a56be3f
school-45110,lga4d167b5c075b
school-45111,lgadbd419ff24e3
school-45112,lgaa40be6b352b7
school-45113,lga3476c1d9fd7f
school-45114,lgaee4000c6a5c1
school-45115,lga9bd137c30d17
school-45116,lga53026dafea91
school-45117,lgafa7d75c94e0c
school-45118,lga42b2fd54c1e9
school-45119,lgadd7fe82edc77
school-45120,lgaf76bb579e827
school-45121,lga5591321694d6
school-45122,lgaJ2LPN2y4pll0
school-45123,lga3476c1d9fd7f
school-45124,lgaf76bb579e827
school-45125,lga2f887f3655b9
school-45126,lga4449559268d6
school-45127,lga4449559268d6
school-45128,lga8751f70e5df3
school-45129,lgaa9c96a55e122
school-45130,lgaedbf8eb2d054
school-45131,lgada11866a4071
school-45132,lga2513fbdd7033
school-45133,lga227fb535494c
school-45134,lgaacfaedf6a58f
school-45135,lga26260a89bb1b
school-45136,lga1a08aa92f8c2
school-45137,lgaa0f71a56be3f
school-45138,lgaa0f71a56be3f
school-45139,lga0450031d71ce
school-45140,lgaa0f71a56be3f
school-45141,lga224186279c28
school-45142,lga0930e8ebad68
school-45143,lga77d96c3addfd
school-45145,lga28e3b9095cd3
school-45146,lga891e1f62b45e
school-45147,lga891e1f62b45e
school-45148,lga891e1f62b45e
school-45149,lgaacfaedf6a58f
school-45150,lgaf76bb579e827
school-45151,lga575ae7e97596
school-45152,lgaf4d7671cd990
school-45153,lga691f580f3258
school-45154,lga891e1f62b45e
school-45155,lga891e1f62b45e
school-45156,lgaacfaedf6a58f
school-45157,lga53026dafea91
school-45158,lgadd7fe82edc77
school-45159,lga53026dafea91
school-45160,lga53026dafea91
school-45161,lgadd7fe82edc77
school-45162,lgaa0f71a56be3f
school-45163,lgaf76bb579e827
school-45164,lga224186279c28
school-45165,lga3476c1d9fd7f
school-45166,lga53026dafea91
school-45167,lgaacfaedf6a58f
school-45168,lgaee4000c6a5c1
school-45169,lga891e1f62b45e
school-45170,lga3476c1d9fd7f
school-45171,lga227fb535494c
school-45172,lga891e1f62b45e
school-45173,lga53026dafea91
school-45174,lga7831afcaf1e2
school-45175,lga6f3147bcaaee
school-45176,lga7831afcaf1e2
school-45177,lga6f3147bcaaee
school-45178,lga227fb535494c
school-45179,lga4eb6e129e4f4
school-45180,lgac69cfd288672
school-45181,lga891e1f62b45e
school-45182,lga69684c885dd2
school-45183,lgaedbf8eb2d054
school-45184,lga9651f4cc7895
school-45185,lga1a08aa92f8c2
school-45186,lga227fb535494c
school-45187,lga9651f4cc7895
school-45188,lga26260a89bb1b
school-45189,lgab70a9914e5bc
school-45190,lgab70a9914e5bc
school-45191,lga28e3b9095cd3
school-45192,lga77d96c3addfd
school-45193,lga4d167b5c075b
school-45194,lga77d96c3addfd
school-45195,lga77d96c3addfd
school-45196,lga4d167b5c075b
school-45197,lga5c66b4f8531c
school-45198,lgabff52ad8fdf9
school-45199,lgabff52ad8fdf9
school-45200,lgabff52ad8fdf9
school-45201,lga4e7c0f04e5f4
school-45202,lgaee4000c6a5c1
school-45203,lga0ddc15fef4c5
school-45204,lga0eac1885ea16
school-45205,lga2f887f3655b9
school-45206,lga638d2708b9ab
school-45207,lga42b2fd54c1e9
school-45208,lga15c9c80d4be7
school-45209,lgadd7fe82edc77
school-45210,lga0450031d71ce
school-45211,lga5c66b4f8531c
school-45212,lgac69cfd288672
school-45213,lga691f580f3258
school-45214,lgaac2e88625ea2
school-45215,lga15c9c80d4be7
school-45216,lgaacfaedf6a58f
school-45217,lga15c9c80d4be7
school-45218,lga15c9c80d4be7
school-45219,lgaacfaedf6a58f
school-45220,lga15c9c80d4be7
school-45221,lga0450031d71ce
school-45222,lga82035025d67f
school-45223,lgaee4000c6a5c1
school-45224,lga9651f4cc7895
school-45225,lgab65bc8ec7820
school-45226,lga15c9c80d4be7
school-45227,lga5591321694d6
school-45228,lga2f887f3655b9
school-45229,lgaca1dd9cec0f0
school-45230,lgafaedbfa774eb
school-45231,lgaca1dd9cec0f0
school-45232,lgaca1dd9cec0f0
school-45233,lgadbd419ff24e3
school-45234,lgadbd419ff24e3
school-45235,lga4d167b5c075b
school-45236,lga3476c1d9fd7f
school-45237,lga227fb535494c
school-45238,lga2513fbdd7033
school-45239,lgaJ2LPN2y4pll0
school-45240,lgab3be0b9eb31a
school-45241,lga2f887f3655b9
school-45242,lga891e1f62b45e
school-45243,lga891e1f62b45e
school-45244,lgafa7d75c94e0c
school-45245,lga891e1f62b45e
school-45246,lga42b2fd54c1e9
school-45247,lga891e1f62b45e
school-45248,lga42b2fd54c1e9
school-45249,lga42b2fd54c1e9
school-45250,lga42b2fd54c1e9
school-45251,lga3476c1d9fd7f
school-45252,lga53026dafea91
school-45253,lga53026dafea91
school-45254,lga69684c885dd2
school-45255,lga9bd137c30d17
school-45256,lga72904b64c519
school-45257,lga3476c1d9fd7f
school-45258,lga891e1f62b45e
school-45259,lga5c66b4f8531c
school-45260,lgaa0f71a56be3f
school-45261,lga891e1f62b45e
school-45262,lgac69cfd288672
school-45263,lgac69cfd288672
school-45264,lga42b2fd54c1e9
school-45265,lga891e1f62b45e
school-45266,lgaf76bb579e827
school-45267,lgaa0f71a56be3f
school-45268,lgab70a9914e5bc
school-45269,lga5bfafb32b8d5
school-45272,lga0450031d71ce
school-45273,lga575ae7e97596
school-45275,lgaa0f71a56be3f
school-45276,lgab65bc8ec7820
school-45278,lgab65bc8ec7820
school-45280,lgab65bc8ec7820
school-45281,lgab65bc8ec7820
school-45283,lgab65bc8ec7820
school-45284,lgab65bc8ec7820
school-45285,lgab65bc8ec7820
school-45286,lgab65bc8ec7820
school-45287,lgaf76bb579e827
school-45289,lga5bfafb32b8d5
school-45291,lgaa40be6b352b7
school-45292,lgaa40be6b352b7
school-45293,lga4d167b5c075b
school-45294,lga4e7c0f04e5f4
school-45295,lga292a6552ec8c
school-45296,lga4449559268d6
school-45297,lga1a08aa92f8c2
school-45298,lga1a08aa92f8c2
school-45299,lga0061bf039442
school-45300,lga5c66b4f8531c
school-45301,lga82035025d67f
school-45302,lga26260a89bb1b
school-45303,lga5c6d68bc8aa6
school-45304,lgaa40be6b352b7
school-45305,lgaf4d7671cd990
school-45306,lga2f887f3655b9
school-45307,lgaedbf8eb2d054
school-45309,lga26260a89bb1b
school-45310,lgaf4d7671cd990
school-45311,lga5591321694d6
school-45312,lgac69cfd288672
school-45313,lga5c66b4f8531c
school-45314,lga9651f4cc7895
school-45315,lga69684c885dd2
school-45316,lgadbd419ff24e3
school-45317,lgaf4d7671cd990
school-45318,lgaee4000c6a5c1
school-45319,lgaedbf8eb2d054
school-45320,lgaedbf8eb2d054
school-45321,lgaedbf8eb2d054
school-45322,lga5bfafb32b8d5
school-45323,lga0061bf039442
school-45324,lgadd7fe82edc77
school-45326,lga0450031d71ce
school-45327,lgaedbf8eb2d054
school-45328,lga891e1f62b45e
school-45329,lga90413c6e7ea0
school-45330,lga69684c885dd2
school-45331,lga227fb535494c
school-45332,lgaee4000c6a5c1
school-45333,lga575ae7e97596
school-45334,lgaa0f71a56be3f
school-45335,lgadbd419ff24e3
school-45336,lga42b2fd54c1e9
school-45337,lgaee4000c6a5c1
school-45338,lga9bd137c30d17
school-45339,lgab70a9914e5bc
school-45340,lga638d2708b9ab
school-45341,lga5bfafb32b8d5
school-45344,lgadd6ba71d5cd0
school-45345,lgada11866a4071
school-45346,lga53026dafea91
school-45347,lga575ae7e97596
school-45348,lgaa0f71a56be3f
school-45349,lgaa2fb93819c9e
school-45350,lgab70a9914e5bc
school-45351,lga0930e8ebad68
school-45352,lgaacfaedf6a58f
school-45353,lgafaedbfa774eb
school-45354,lga5c6d68bc8aa6
school-45355,lga227fb535494c
school-45356,lga891e1f62b45e
school-45357,lga0450031d71ce
school-45359,lga0450031d71ce
school-45360,lga2513fbdd7033
school-45361,lga15c9c80d4be7
school-45362,lga53f7b61b0ed6
school-45363,lgaae260494d80c
school-45364,lga638d2708b9ab
school-45365,lga0930e8ebad68
school-45366,lga0930e8ebad68
school-45367,lga26260a89bb1b
school-45368,lga691f580f3258
school-45369,lga4e7c0f04e5f4
school-45370,lga292a6552ec8c
school-45372,lga891e1f62b45e
school-45374,lgafa7d75c94e0c
school-45375,lga638d2708b9ab
school-45376,lga1aae6e9a27ff
school-45377,lgab3be0b9eb31a
school-45378,lga0ddc15fef4c5
school-45379,lgab3be0b9eb31a
school-45380,lga77d96c3addfd
school-45381,lga575ae7e97596
school-45382,lga977c9605ab7d
school-45383,lgad68479123642
school-45384,lgaa0f71a56be3f
school-45385,lga7831afcaf1e2
school-45386,lgaacfaedf6a58f
school-45387,lga575ae7e97596
school-45389,lga5c66b4f8531c
school-45390,lgadd7fe82edc77
school-45391,lga227fb535494c
school-45392,lga227fb535494c
school-45393,lgaa61a81fb4118
school-45394,lga3476c1d9fd7f
school-45395,lga5591321694d6
school-45396,lga69684c885dd2
school-45397,lgadbd419ff24e3
school-45398,lga26260a89bb1b
school-45399,lga15c9c80d4be7
school-45400,lga28e3b9095cd3
school-45403,lga292a6552ec8c
school-45404,lgadd6ba71d5cd0
school-45405,lga0930e8ebad68
school-45406,lga0450031d71ce
school-45407,lgac69cfd288672
school-45408,lga5c66b4f8531c
school-45409,lgaf4d7671cd990
school-45412,lgaa61a81fb4118
school-45413,lgaa0f71a56be3f
school-45414,lgaa0f71a56be3f
school-45415,lgadbd419ff24e3
school-45416,lgab65bc8ec7820
school-45417,lga4449559268d6
school-45418,lga4d167b5c075b
school-45419,lga744d9df35829
school-45420,lga2513fbdd7033
school-45421,lgafa7d75c94e0c
school-45422,lga227fb535494c
school-45423,lgae1dcbacb8510
school-45424,lga42b2fd54c1e9
school-45425,lga691f580f3258
school-45426,lga5c66b4f8531c
school-45427,lgadbd419ff24e3
school-45428,lga5591321694d6
school-45429,lgadbd419ff24e3
school-45431,lga691f580f3258
school-45432,lga136d886cbd2c
school-45433,lga69684c885dd2
school-45434,lga15c9c80d4be7
school-45435,lga15c9c80d4be7
school-45436,lga9bd137c30d17
school-45437,lgad68479123642
school-45438,lga4e7c0f04e5f4
school-45439,lga77d96c3addfd
school-45440,lga227fb535494c
school-45442,lga5bfafb32b8d5
school-45443,lgafa7d75c94e0c
school-45444,lga4e7c0f04e5f4
school-45445,lga227fb535494c
school-45446,lga72904b64c519
school-45447,lgaee4000c6a5c1
school-45449,lgac69cfd288672
school-45450,lga691f580f3258
school-45452,lgaJ2LPN2y4pll0
school-45454,lga4449559268d6
school-45455,lga227fb535494c
school-45456,lga227fb535494c
school-45458,lgaee4000c6a5c1
school-45459,lgafa7d75c94e0c
school-45460,lgaf4d7671cd990
school-45461,lga69684c885dd2
school-45462,lga5c6d68bc8aa6
school-45463,lgaacfaedf6a58f
school-45466,lgaf76bb579e827
school-45467,lga8751f70e5df3
school-45468,lga9bd137c30d17
school-45469,lga638d2708b9ab
school-45470,lga3476c1d9fd7f
school-45471,lgaJ2LPN2y4pll0
school-45472,lga6ede3850c9ef
school-45473,lgaa0f71a56be3f
school-45474,lga77d96c3addfd
school-45475,lgadd6ba71d5cd0
school-45476,lga3476c1d9fd7f
school-45477,lgadbd419ff24e3
school-45478,lgadbd419ff24e3
school-45479,lga0450031d71ce
school-45480,lga891e1f62b45e
school-45482,lgadd7fe82edc77
school-45483,lgabff52ad8fdf9
school-45484,lgaacfaedf6a58f
school-45485,lga28e3b9095cd3
school-45486,lgab3be0b9eb31a
school-45487,lga15c9c80d4be7
school-45488,lga53026dafea91
school-45489,lga72904b64c519
school-45490,lga691f580f3258
school-45491,lga15c9c80d4be7
school-45492,lga224186279c28
school-45493,lga4d167b5c075b
school-45494,lgaa2fb93819c9e
school-45495,lga9bd137c30d17
school-45496,lga3476c1d9fd7f
school-45497,lgac69cfd288672
school-45498,lga5bfafb32b8d5
school-45499,lga891e1f62b45e
school-45500,lga53026dafea91
school-45501,lgaf76bb579e827
school-45502,lga5e8f0b6a35b1
school-45503,lga5e8f0b6a35b1
school-45504,lga42b2fd54c1e9
school-45505,lga72904b64c519
school-45506,lgadd7fe82edc77
school-45507,lga3476c1d9fd7f
school-45508,lga0450031d71ce
school-45509,lgadd7fe82edc77
school-45510,lga5591321694d6
school-45511,lga8751f70e5df3
school-45512,lgaacfaedf6a58f
school-45513,lgaacfaedf6a58f
school-45514,lgaac2e88625ea2
school-45516,lga53f7b61b0ed6
school-45517,lga4449559268d6
school-45518,lga15c9c80d4be7
school-45519,lga0450031d71ce
school-45520,lga5c66b4f8531c
school-45521,lga977c9605ab7d
school-45522,lga5591321694d6
school-45523,lga48c76dfa462e
school-45524,lgaa0f71a56be3f
school-45525,lga4eb6e129e4f4
school-45526,lga53026dafea91
school-45527,lgaf76bb579e827
school-45529,lgaf76bb579e827
school-45531,lgaf76bb579e827
school-45532,lgaae260494d80c
school-45533,lga5bfafb32b8d5
school-45534,lga26260a89bb1b
school-45535,lgaf76bb579e827
school-45536,lgaf76bb579e827
school-45538,lga224186279c28
school-45539,lga15c9c80d4be7
school-45540,lga2f887f3655b9
school-45541,lga5e8f0b6a35b1
school-45542,lga69684c885dd2
school-45543,lga638d2708b9ab
school-45544,lga638d2708b9ab
school-45545,lgaJ2LPN2y4pll0
school-45546,lga15c9c80d4be7
school-45547,lgadd7fe82edc77
school-45549,lgada11866a4071
school-45550,lga5591321694d6
school-45551,lgab65bc8ec7820
school-45552,lga1a08aa92f8c2
school-45554,lgadbd419ff24e3
school-45555,lgafa7d75c94e0c
school-45556,lgaa9c96a55e122
school-45557,lga4449559268d6
school-45558,lga227fb535494c
school-45559,lga5e8f0b6a35b1
school-45560,lgab3be0b9eb31a
school-45561,lga0eac1885ea16
school-45562,lga0eac1885ea16
school-45563,lga77d96c3addfd
school-45565,lgab70a9914e5bc
school-45566,lga0ddc15fef4c5
school-45567,lga0ddc15fef4c5
school-45568,lga0ddc15fef4c5
school-45569,lga1aae6e9a27ff
school-45570,lga4d167b5c075b
school-45571,lgadd7fe82edc77
school-45573,lga891e1f62b45e
school-45574,lga227fb535494c
school-45575,lga82035025d67f
school-45576,lga6ede3850c9ef
school-45578,lgaa0f71a56be3f
school-45579,lgaa0f71a56be3f
school-45580,lga53026dafea91
school-45581,lga79b8fe15ee4f
school-45582,lga79b8fe15ee4f
school-45583,lga79b8fe15ee4f
school-45585,lga3476c1d9fd7f
school-45587,lga224186279c28
school-45588,lgab65bc8ec7820
school-45589,lgaac2e88625ea2
school-45590,lga224186279c28
school-45591,lga3476c1d9fd7f
school-45592,lga3476c1d9fd7f
school-45593,lgaa40be6b352b7
school-45594,lga891e1f62b45e
school-45595,lgab65bc8ec7820
school-45596,lgab65bc8ec7820
school-45599,lga891e1f62b45e
school-45600,lga891e1f62b45e
school-45602,lga1a08aa92f8c2
school-45604,lga891e1f62b45e
school-45605,lga69684c885dd2
school-45608,lga4e7c0f04e5f4
school-45612,lgaee4000c6a5c1
school-45616,lga5bfafb32b8d5
school-45617,lga5591321694d6
school-45621,lgaf76bb579e827
school-45622,lgaf76bb579e827
school-45623,lga72904b64c519
school-45624,lga72904b64c519
school-45625,lgaJ2LPN2y4pll0
school-45626,lgaJ2LPN2y4pll0
school-45627,lga5bfafb32b8d5
school-45629,lga5591321694d6
school-45630,lga5bfafb32b8d5
school-45631,lgadd6ba71d5cd0
school-45632,lgad68479123642
school-45634,lgab70a9914e5bc
school-45635,lgab70a9914e5bc
school-45636,lgab70a9914e5bc
school-45637,lgada11866a4071
school-45638,lgab70a9914e5bc
school-45639,lga744d9df35829
school-45640,lga224186279c28
school-45641,lga224186279c28
school-45642,lgadd6ba71d5cd0
school-45643,lgabff52ad8fdf9
school-45645,lgad68479123642
school-45646,lgad68479123642
school-45647,lgaae260494d80c
school-45648,lga638d2708b9ab
school-45649,lga575ae7e97596
school-45650,lga98337d58aaa4
school-45651,lga72904b64c519
school-45652,lgab70a9914e5bc
school-45653,lga0930e8ebad68
school-45654,lgae1dcbacb8510
school-45655,lga5bfafb32b8d5
school-45656,lga5bfafb32b8d5
school-45657,lga5e8f0b6a35b1
school-45658,lga5e8f0b6a35b1
school-45659,lga1a793093877f
school-45660,lgaae260494d80c
school-45661,lga0ddc15fef4c5
school-45662,lga4d167b5c075b
school-45663,lgaae260494d80c
school-45664,lga4eb6e129e4f4
school-45665,lga4eb6e129e4f4
school-45667,lgaa61a81fb4118
school-45668,lga90413c6e7ea0
school-45669,lga575ae7e97596
school-45670,lga6f3147bcaaee
school-45671,lga4eb6e129e4f4
school-45672,lga227fb535494c
school-45673,lga8751f70e5df3
school-45674,lgaee4000c6a5c1
school-45675,lga53f7b61b0ed6
school-45676,lga53f7b61b0ed6
school-45677,lga9bd137c30d17
school-45678,lga575ae7e97596
school-45679,lgab70a9914e5bc
school-45681,lga0eac1885ea16
school-45682,lgaa61a81fb4118
school-45683,lgaa61a81fb4118
school-45684,lga0ddc15fef4c5
school-45685,lga1a793093877f
school-45686,lgaJ2LPN2y4pll0
school-45687,lga53026dafea91
school-45688,lgaa61a81fb4118
school-45689,lga3476c1d9fd7f
school-45690,lga5c6d68bc8aa6
school-45691,lga5c6d68bc8aa6
school-45692,lga0061bf039442
school-45693,lga6f3147bcaaee
school-45694,lgac69cfd288672
school-45695,lga4e7c0f04e5f4
school-45696,lga0930e8ebad68
school-45697,lga0930e8ebad68
school-45698,lga53f7b61b0ed6
school-45699,lga1a08aa92f8c2
school-45700,lga48c76dfa462e
school-45701,lga26260a89bb1b
school-45702,lga4eb6e129e4f4
school-45703,lga9651f4cc7895
school-45704,lga4449559268d6
school-45705,lga4449559268d6
school-45706,lgadbd419ff24e3
school-45707,lga2513fbdd7033
school-45708,lga2513fbdd7033
school-45709,lgaa9c96a55e122
school-45710,lgaa40be6b352b7
school-45711,lgaa40be6b352b7
school-45712,lga691f580f3258
school-45713,lga69684c885dd2
school-45714,lga69684c885dd2
school-45715,lga1a793093877f
school-45716,lga1a793093877f
school-45717,lga4e7c0f04e5f4
school-45718,lga4449559268d6
school-45719,lga4e7c0f04e5f4
school-45720,lgada11866a4071
school-45721,lga227fb535494c
school-45722,lga227fb535494c
school-45723,lga227fb535494c
school-45724,lga638d2708b9ab
school-45725,lgadbd419ff24e3
school-45726,lga977c9605ab7d
school-45727,lga4449559268d6
school-45728,lga28e3b9095cd3
school-45729,lgaf4d7671cd990
school-45730,lga0930e8ebad68
school-45731,lga48c76dfa462e
school-45732,lgaf4d7671cd990
school-45733,lga9651f4cc7895
school-45734,lgaf4d7671cd990
school-45735,lgadd6ba71d5cd0
school-45736,lga26260a89bb1b
school-45737,lga4d167b5c075b
school-45739,lgaf4d7671cd990
school-45740,lga0930e8ebad68
school-45742,lga575ae7e97596
school-45743,lga5c6d68bc8aa6
school-45744,lga1a08aa92f8c2
school-45745,lgaedbf8eb2d054
school-45746,lgaedbf8eb2d054
school-45747,lgaedbf8eb2d054
school-45748,lga638d2708b9ab
school-45749,lga90413c6e7ea0
school-45750,lga1a08aa92f8c2
school-45751,lga575ae7e97596
school-45752,lga0930e8ebad68
school-45753,lga79b8fe15ee4f
school-45754,lga8751f70e5df3
school-45755,lga691f580f3258
school-45756,lgaedbf8eb2d054
school-45757,lga77d96c3addfd
school-45758,lga575ae7e97596
school-45759,lga5591321694d6
school-45760,lga5591321694d6
school-45761,lgaJ2LPN2y4pll0
school-45762,lga691f580f3258
school-45763,lgab70a9914e5bc
school-45764,lgaJ2LPN2y4pll0
school-45765,lga9bd137c30d17
school-45766,lgab65bc8ec7820
school-45767,lga53f7b61b0ed6
school-45768,lgaac2e88625ea2
school-45769,lga638d2708b9ab
school-45770,lga292a6552ec8c
school-45771,lgae1dcbacb8510
school-45772,lgaJ2LPN2y4pll0
school-45773,lgab70a9914e5bc
school-45774,lga5c66b4f8531c
school-45775,lga5c66b4f8531c
school-45776,lgadbd419ff24e3
school-45777,lgac69cfd288672
school-45778,lgae1dcbacb8510
school-45779,lgadd6ba71d5cd0
school-45780,lgad4e3c91c7130
school-45781,lga5bfafb32b8d5
school-45782,lgae1dcbacb8510
school-45783,lga4d167b5c075b
school-45784,lga575ae7e97596
school-45785,lgad68479123642
school-45786,lgaa61a81fb4118
school-45787,lga2f887f3655b9
school-45788,lga69684c885dd2
school-45789,lgaa40be6b352b7
school-45790,lgaf76bb579e827
school-45791,lga5bfafb32b8d5
school-45792,lgada11866a4071
school-45793,lgaa9c96a55e122
school-45795,lga53f7b61b0ed6
school-45796,lga7831afcaf1e2
school-45797,lga2513fbdd7033
school-45798,lga4e7c0f04e5f4
school-45799,lga5591321694d6
school-45800,lga7831afcaf1e2
school-45801,lgae1dcbacb8510
school-45802,lga72904b64c519
school-45803,lga136d886cbd2c
school-45804,lga638d2708b9ab
school-45805,lgaa2fb93819c9e
school-45806,lga0930e8ebad68
school-45808,lga691f580f3258
school-45809,lga53f7b61b0ed6
school-45810,lgae1dcbacb8510
school-45811,lga0930e8ebad68
school-45812,lga53f7b61b0ed6
school-45813,lga575ae7e97596
school-45814,lga292a6552ec8c
school-45815,lga69684c885dd2
school-45816,lgaJ2LPN2y4pll0
school-45818,lga0450031d71ce
school-45819,lga224186279c28
school-45820,lga977c9605ab7d
school-45821,lgaee4000c6a5c1
school-45822,lgadd7fe82edc77
school-45823,lga0450031d71ce
school-45824,lga5bfafb32b8d5
school-45825,lga9bd137c30d17
school-45826,lga53f7b61b0ed6
school-45827,lga3476c1d9fd7f
school-45828,lga4d167b5c075b
school-45829,lga77d96c3addfd
school-45830,lga9bd137c30d17
school-45831,lgae1dcbacb8510
school-45833,lga0930e8ebad68
school-45834,lgafa7d75c94e0c
school-45835,lga5591321694d6
school-45836,lga69684c885dd2
school-45837,lga0930e8ebad68
school-45838,lga9bd137c30d17
school-45839,lgaee4000c6a5c1
school-45840,lgaa0f71a56be3f
school-45841,lga5bfafb32b8d5
school-45842,lga15c9c80d4be7
school-45843,lgaJ2LPN2y4pll0
school-45844,lgaacfaedf6a58f
school-45845,lga0450031d71ce
school-45846,lga1a793093877f
school-45847,lga5bfafb32b8d5
school-45848,lgae1dcbacb8510
school-45849,lgae1dcbacb8510
school-45850,lga4449559268d6
school-45851,lgac69cfd288672
school-45852,lga638d2708b9ab
school-45853,lga227fb535494c
school-45854,lgab65bc8ec7820
school-45855,lga691f580f3258
school-45856,lga5bfafb32b8d5
school-45857,lga0930e8ebad68
school-45858,lgaJ2LPN2y4pll0
school-45861,lgaJ2LPN2y4pll0
school-45862,lga2513fbdd7033
school-45863,lga227fb535494c
school-45864,lga638d2708b9ab
school-45865,lgab3be0b9eb31a
school-45866,lga0930e8ebad68
school-45867,lga4eb6e129e4f4
school-45868,lga9bd137c30d17
school-45869,lga0930e8ebad68
school-45870,lga15c9c80d4be7
school-45871,lga1aae6e9a27ff
school-45872,lga227fb535494c
school-45873,lga5e8f0b6a35b1
school-45874,lgab3be0b9eb31a
school-45875,lga77d96c3addfd
school-45876,lgaf76bb579e827
school-45877,lga5591321694d6
school-45878,lga9651f4cc7895
school-45879,lga53f7b61b0ed6
school-45880,lga691f580f3258
school-45881,lgafa7d75c94e0c
school-45882,lga82035025d67f
school-45883,lgaa2fb93819c9e
school-45885,lga5bfafb32b8d5
school-45886,lgaf76bb579e827
school-45887,lga0450031d71ce
school-45888,lgaf4d7671cd990
school-45889,lga4d167b5c075b
school-45890,lga227fb535494c
school-45891,lga5591321694d6
school-45892,lga224186279c28
school-45893,lga1a08aa92f8c2
school-45894,lga15c9c80d4be7
school-45895,lgab65bc8ec7820
school-45896,lga15c9c80d4be7
school-45897,lga28e3b9095cd3
school-45898,lga638d2708b9ab
school-45899,lga227fb535494c
school-45900,lga227fb535494c
school-45901,lga5591321694d6
school-45902,lgaf76bb579e827
school-45903,lgaf76bb579e827
school-45904,lga2513fbdd7033
school-45905,lgaJ2LPN2y4pll0
school-45906,lgab65bc8ec7820
school-45907,lgaf76bb579e827
school-45908,lga0061bf039442
school-45909,lga227fb535494c
school-45910,lga53f7b61b0ed6
school-45911,lga575ae7e97596
school-45912,lgaf76bb579e827
school-45913,lgab70a9914e5bc
school-45914,lgaee4000c6a5c1
school-45915,lga2513fbdd7033
school-45916,lga5e8f0b6a35b1
school-45917,lga15c9c80d4be7
school-45918,lgab65bc8ec7820
school-45919,lga1a793093877f
school-45920,lga0450031d71ce
school-45921,lga691f580f3258
school-45922,lga15c9c80d4be7
school-45923,lga5e8f0b6a35b1
school-45924,lga0ddc15fef4c5
school-45925,lgadbd419ff24e3
school-45926,lga5bfafb32b8d5
school-45927,lga72904b64c519
school-45928,lga5591321694d6
school-45929,lga6ede3850c9ef
school-45930,lga15c9c80d4be7
school-45931,lga638d2708b9ab
school-45932,lgab65bc8ec7820
school-45933,lga72904b64c519
school-45934,lga2f887f3655b9
school-45935,lgabff52ad8fdf9
school-45936,lga0450031d71ce
school-45937,lga3476c1d9fd7f
school-45938,lgaf4d7671cd990
school-45939,lga0930e8ebad68
school-45940,lga15c9c80d4be7
school-45941,lga0450031d71ce
school-45942,lga15c9c80d4be7
school-45943,lga691f580f3258
school-45944,lgab3be0b9eb31a
school-45945,lga4e7c0f04e5f4
school-45946,lga891e1f62b45e
school-45947,lgafa7d75c94e0c
school-45948,lgaJ2LPN2y4pll0
school-45949,lga15c9c80d4be7
school-45950,lgaa0f71a56be3f
school-45951,lgaJ2LPN2y4pll0
school-45952,lgadbd419ff24e3
school-45953,lgada11866a4071
school-45954,lga638d2708b9ab
school-45955,lgaa40be6b352b7
school-45956,lga977c9605ab7d
school-45957,lga891e1f62b45e
school-45958,lga638d2708b9ab
school-45959,lga5bfafb32b8d5
school-45960,lga0450031d71ce
school-45961,lgabff52ad8fdf9
school-45962,lga28e3b9095cd3
school-45963,lgaf76bb579e827
school-45964,lga224186279c28
school-45966,lgab70a9914e5bc
school-45967,lgab3be0b9eb31a
school-45968,lgaacfaedf6a58f
school-45969,lga6ede3850c9ef
school-45970,lgadbd419ff24e3
school-45971,lgaacfaedf6a58f
school-45972,lgaacfaedf6a58f
school-45973,lga224186279c28
school-45974,lga691f580f3258
school-45975,lgaJ2LPN2y4pll0
school-45976,lga15c9c80d4be7
school-45977,lga0450031d71ce
school-45978,lga3476c1d9fd7f
school-45979,lga224186279c28
school-45980,lga53026dafea91
school-45981,lgadbd419ff24e3
school-45982,lgaa0f71a56be3f
school-45983,lgaa0f71a56be3f
school-45984,lga227fb535494c
school-45985,lgaJ2LPN2y4pll0
school-45986,lga0450031d71ce
school-45987,lga4d167b5c075b
school-45988,lga69684c885dd2
school-45989,lgadd7fe82edc77
school-45990,lgaacfaedf6a58f
school-45991,lgab65bc8ec7820
school-45992,lgafa7d75c94e0c
school-45993,lgaa0f71a56be3f
school-45994,lgadd7fe82edc77
school-45995,lgadd7fe82edc77
school-45996,lga15c9c80d4be7
school-45997,lga638d2708b9ab
school-45998,lgab3be0b9eb31a
school-45999,lgab3be0b9eb31a
school-46000,lga0450031d71ce
school-46001,lga15c9c80d4be7
school-46002,lga53026dafea91
school-46004,lga4d167b5c075b
school-46005,lga224186279c28
school-46006,lga638d2708b9ab
school-46007,lgada11866a4071
school-46008,lga136d886cbd2c
school-46009,lga224186279c28
school-46010,lgaacfaedf6a58f
school-46011,lga79b8fe15ee4f
school-46012,lga575ae7e97596
school-46013,lga691f580f3258
school-46014,lgaf76bb579e827
school-46015,lgaee4000c6a5c1
school-46016,lga53026dafea91
school-46017,lgaa0f71a56be3f
school-46018,lga3476c1d9fd7f
school-46019,lga891e1f62b45e
school-46020,lgab65bc8ec7820
school-46021,lga42b2fd54c1e9
school-46022,lga227fb535494c
school-46023,lgabff52ad8fdf9
school-46024,lgafa7d75c94e0c
school-46025,lga5e8f0b6a35b1
school-46026,lga0450031d71ce
school-46027,lgaa0f71a56be3f
school-46028,lga3476c1d9fd7f
school-46029,lgab3be0b9eb31a
school-46030,lgadd7fe82edc77
school-46031,lgaf76bb579e827
school-46032,lgab65bc8ec7820
school-46033,lga5bfafb32b8d5
school-46034,lgaf76bb579e827
school-46035,lgaf76bb579e827
school-46036,lga891e1f62b45e
school-46037,lga227fb535494c
school-46038,lgaf76bb579e827
school-46039,lga42b2fd54c1e9
school-46040,lga977c9605ab7d
school-46041,lgaacfaedf6a58f
school-46042,lgaf76bb579e827
school-46043,lga79b8fe15ee4f
school-46044,lga2513fbdd7033
school-46045,lga2513fbdd7033
school-46046,lgab70a9914e5bc
school-46047,lgadbd419ff24e3
school-46048,lgab3be0b9eb31a
school-46049,lga5e8f0b6a35b1
school-46050,lga3476c1d9fd7f
school-46051,lgadd7fe82edc77
school-46052,lgaa0f71a56be3f
school-46053,lga5591321694d6
school-46054,lga42b2fd54c1e9
school-46055,lga891e1f62b45e
school-46056,lga691f580f3258
school-46057,lga69684c885dd2
school-46058,lga4e7c0f04e5f4
school-46059,lga53026dafea91
school-46060,lgaacfaedf6a58f
school-46061,lga224186279c28
school-46062,lga891e1f62b45e
school-46063,lga227fb535494c
school-46064,lgaf76bb579e827
school-46065,lgaacfaedf6a58f
school-46066,lgaa0f71a56be3f
school-46067,lga227fb535494c
school-46068,lgaa0f71a56be3f
school-46069,lgab3be0b9eb31a
school-46070,lgaf76bb579e827
school-46071,lga42b2fd54c1e9
school-46072,lgadbd419ff24e3
school-46073,lga69684c885dd2
school-46074,lga15c9c80d4be7
school-46075,lgadbd419ff24e3
school-46076,lgaacfaedf6a58f
school-46077,lga891e1f62b45e
school-46078,lga53026dafea91
school-46079,lgab65bc8ec7820
school-46080,lgaeb9321b0357b
school-46081,lga5c66b4f8531c
school-46082,lgadd7fe82edc77
school-46083,lga5591321694d6
school-46084,lga3476c1d9fd7f
school-46085,lga2f887f3655b9
school-46086,lga891e1f62b45e
school-46087,lga891e1f62b45e
school-46088,lga891e1f62b45e
school-46089,lga77d96c3addfd
school-46090,lgab70a9914e5bc
school-46091,lga575ae7e97596
school-46092,lgad68479123642
school-46093,lga69684c885dd2
school-46094,lga891e1f62b45e
school-46095,lga53026dafea91
school-46096,lga3476c1d9fd7f
school-46097,lgaJ2LPN2y4pll0
school-46098,lga3476c1d9fd7f
school-46099,lgaa61a81fb4118
school-46100,lga891e1f62b45e
school-46101,lgaf76bb579e827
school-46102,lga53026dafea91
school-46103,lga227fb535494c
school-46104,lga227fb535494c
school-46105,lga42b2fd54c1e9
school-46106,lga53026dafea91
school-46107,lga891e1f62b45e
school-46109,lgac69cfd288672
school-46110,lga5e8f0b6a35b1
school-46112,lgaJ2LPN2y4pll0
school-46113,lgaJ2LPN2y4pll0
school-46114,lga42b2fd54c1e9
school-46115,lga1a793093877f
school-46116,lga79b8fe15ee4f
school-46117,lgaa0f71a56be3f
school-46118,lga53026dafea91
school-46119,lga4449559268d6
school-46120,lga575ae7e97596
school-46121,lga42b2fd54c1e9
school-46122,lgab70a9914e5bc
school-46123,lga3476c1d9fd7f
school-46124,lga3476c1d9fd7f
school-46125,lga53026dafea91
school-46126,lga42b2fd54c1e9
school-46127,lgaa0f71a56be3f
school-46128,lgabff52ad8fdf9
school-46129,lgac69cfd288672
school-46130,lga891e1f62b45e
school-46131,lgaf76bb579e827
school-46132,lgadd6ba71d5cd0
school-46133,lga15c9c80d4be7
school-46134,lga9bd137c30d17
school-46135,lgad68479123642
school-46136,lgae1dcbacb8510
school-46137,lgadd6ba71d5cd0
school-46138,lga0930e8ebad68
school-46139,lga9bd137c30d17
school-46140,lgae1dcbacb8510
school-46141,lga15c9c80d4be7
school-46142,lga98337d58aaa4
school-46143,lga1a08aa92f8c2
school-46144,lga0930e8ebad68
school-46145,lgadd6ba71d5cd0
school-46146,lgab70a9914e5bc
school-46147,lgab70a9914e5bc
school-46148,lgadd6ba71d5cd0
school-46149,lga0930e8ebad68
school-46150,lgae1dcbacb8510
school-46151,lga744d9df35829
school-46156,lga0930e8ebad68
school-46157,lgae1dcbacb8510
school-46158,lgadd6ba71d5cd0
school-46159,lga227fb535494c
school-46160,lga227fb535494c
school-46161,lga26260a89bb1b
school-46162,lga0450031d71ce
school-46163,lgad68479123642
school-46164,lga53f7b61b0ed6
school-46165,lga53f7b61b0ed6
school-46166,lgab70a9914e5bc
school-46167,lga1a08aa92f8c2
school-46168,lga1a08aa92f8c2
school-46170,lga5591321694d6
school-46171,lgaa0f71a56be3f
school-46172,lga0930e8ebad68
school-46173,lga53f7b61b0ed6
school-46174,lga9bd137c30d17
school-46175,lgafa7d75c94e0c
school-46177,lga69684c885dd2
school-46178,lgae1dcbacb8510
school-46179,lga638d2708b9ab
school-46180,lga638d2708b9ab
school-46181,lga638d2708b9ab
school-46182,lga638d2708b9ab
school-46183,lga9bd137c30d17
school-46184,lga691f580f3258
school-46185,lga5591321694d6
school-46186,lga0930e8ebad68
school-46187,lgab3be0b9eb31a
school-46188,lga9bd137c30d17
school-46189,lgab65bc8ec7820
school-46190,lgab65bc8ec7820
school-46191,lga53f7b61b0ed6
school-46192,lga0930e8ebad68
school-46193,lga0930e8ebad68
school-46194,lga0930e8ebad68
school-46195,lga691f580f3258
school-46196,lga4d167b5c075b
school-46197,lga4d167b5c075b
school-46198,lga72904b64c519
school-46199,lga0930e8ebad68
school-46200,lga53f7b61b0ed6
school-46201,lga15c9c80d4be7
school-46202,lga0450031d71ce
school-46203,lga891e1f62b45e
school-46204,lga0930e8ebad68
school-46205,lga0930e8ebad68
school-46206,lga0930e8ebad68
school-46207,lga0930e8ebad68
school-46208,lga0450031d71ce
school-46209,lga9bd137c30d17
school-46210,lgaee4000c6a5c1
school-46211,lga0450031d71ce
school-46212,lga891e1f62b45e
school-46213,lga9bd137c30d17
school-46214,lga9bd137c30d17
school-46215,lga9bd137c30d17
school-46216,lga9bd137c30d17
school-46217,lga1aae6e9a27ff
school-46218,lga9bd137c30d17
school-46219,lga69684c885dd2
school-46221,lga0930e8ebad68
school-46222,lgadbd419ff24e3
school-46223,lgafa7d75c94e0c
school-46224,lgafa7d75c94e0c
school-46225,lgadbd419ff24e3
school-46226,lga891e1f62b45e
school-46228,lgac69cfd288672
school-46229,lgadbd419ff24e3
school-46230,lgafa7d75c94e0c
school-46231,lga0450031d71ce
school-46232,lga977c9605ab7d
school-46233,lgadd6ba71d5cd0
school-46235,lgab3be0b9eb31a
school-46236,lga0450031d71ce
school-46237,lga9bd137c30d17
school-46238,lgaa61a81fb4118
school-46239,lga42b2fd54c1e9
school-46240,lga15c9c80d4be7
school-46241,lga1aae6e9a27ff
school-46242,lgaa9c96a55e122
school-46244,lga9bd137c30d17
school-46245,lga977c9605ab7d
school-46246,lgaacfaedf6a58f
school-46247,lgae1dcbacb8510
school-46248,lgae1dcbacb8510
school-46249,lga53026dafea91
school-46251,lgaa0f71a56be3f
school-46252,lga5bfafb32b8d5
school-46253,lgafa7d75c94e0c
school-46255,lgadbd419ff24e3
school-46256,lga0eac1885ea16
school-46257,lga227fb535494c
school-46260,lgaac2e88625ea2
school-46261,lga26260a89bb1b
school-46262,lga227fb535494c
school-46263,lga227fb535494c
school-46264,lgadbd419ff24e3
school-46265,lga4449559268d6
school-46266,lga575ae7e97596
school-46267,lga1a08aa92f8c2
school-46268,lga1a08aa92f8c2
school-46269,lga977c9605ab7d
school-46270,lgadbd419ff24e3
school-46271,lgadd7fe82edc77
school-46272,lgaee4000c6a5c1
school-46273,lga1a793093877f
school-46274,lgaacfaedf6a58f
school-46275,lga53026dafea91
school-46276,lga891e1f62b45e
school-46277,lga77d96c3addfd
school-46279,lgaf76bb579e827
school-46280,lga15c9c80d4be7
school-46281,lga6f3147bcaaee
school-46282,lgac69cfd288672
school-46283,lga891e1f62b45e
school-46284,lgadbd419ff24e3
school-46285,lgaf4d7671cd990
school-46286,lgadbd419ff24e3
school-46287,lga15c9c80d4be7
school-46288,lgadbd419ff24e3
school-46289,lga292a6552ec8c
school-46293,lgaacfaedf6a58f
school-46294,lga77d96c3addfd
school-46295,lga77d96c3addfd
school-46296,lgac69cfd288672
school-46297,lgaJ2LPN2y4pll0
school-46298,lgaJ2LPN2y4pll0
school-46299,lga69684c885dd2
school-46300,lgadd7fe82edc77
school-46302,lga79b8fe15ee4f
school-46303,lga42b2fd54c1e9
school-46304,lga744d9df35829
school-46305,lga9bd137c30d17
school-46306,lgada11866a4071
school-46307,lga4449559268d6
school-46309,lga53026dafea91
school-46310,lgaf76bb579e827
school-46311,lgaf76bb579e827
school-46313,lgadbd419ff24e3
school-46314,lga4eb6e129e4f4
school-46315,lgab65bc8ec7820
school-46316,lga4449559268d6
school-46317,lgadbd419ff24e3
school-46318,lga0eac1885ea16
school-46320,lga3476c1d9fd7f
school-46321,lgab65bc8ec7820
school-46322,lgac69cfd288672
school-46323,lga79b8fe15ee4f
school-46324,lga2f887f3655b9
school-46325,lga575ae7e97596
school-46326,lga891e1f62b45e
school-46327,lga575ae7e97596
school-46328,lga3476c1d9fd7f
school-46331,lga0930e8ebad68
school-46332,lga227fb535494c
school-46334,lga53026dafea91
school-46335,lga3476c1d9fd7f
school-46338,lgab65bc8ec7820
school-46339,lga3476c1d9fd7f
school-46340,lga1a793093877f
school-46341,lgaf76bb579e827
school-46342,lga3476c1d9fd7f
school-46343,lga5bfafb32b8d5
school-46344,lga1a793093877f
school-46345,lgaJ2LPN2y4pll0
school-46346,lgac69cfd288672
school-46348,lga72904b64c519
school-46349,lga5bfafb32b8d5
school-46350,lga691f580f3258
school-46351,lgac69cfd288672
school-46352,lga53f7b61b0ed6
school-46353,lga3476c1d9fd7f
school-46354,lga0930e8ebad68
school-46355,lgab70a9914e5bc
school-46356,lga4e7c0f04e5f4
school-46357,lgaeb9321b0357b
school-46358,lgaa61a81fb4118
school-46359,lgab65bc8ec7820
school-46360,lga42b2fd54c1e9
school-46362,lga575ae7e97596
school-46363,lgac69cfd288672
school-46365,lga42b2fd54c1e9
school-46366,lga2f887f3655b9
school-46367,lga4e7c0f04e5f4
school-46368,lga72904b64c519
school-46369,lga1a08aa92f8c2
school-46370,lga227fb535494c
school-46371,lgaee4000c6a5c1
school-46372,lga5e8f0b6a35b1
school-46373,lgabff52ad8fdf9
school-46374,lgabff52ad8fdf9
school-46375,lga891e1f62b45e
school-46376,lgad68479123642
school-46379,lgaa61a81fb4118
school-46380,lgac69cfd288672
school-46382,lga5c6d68bc8aa6
school-46383,lga69684c885dd2
school-46384,lgab70a9914e5bc
school-46385,lga3476c1d9fd7f
school-46387,lga891e1f62b45e
school-46388,lga227fb535494c
school-46389,lga90413c6e7ea0
school-46390,lgaa0f71a56be3f
school-46391,lgadd7fe82edc77
school-46392,lgadd7fe82edc77
school-46395,lgaacfaedf6a58f
school-46396,lga4200d998f24c
school-46397,lgaf711db11e308
school-46398,lgad15a5a116e04
school-46399,lgaf711db11e308
school-46400,lgacc9efa3d7182
school-46401,lgaf711db11e308
school-46402,lgaf711db11e308
school-46403,lgaf711db11e308
school-46404,lgaf711db11e308
school-46405,lga68f11a29b468
school-46406,lgafd22606d6b20
school-46407,lgaf45ca84fe363
school-46408,lga6797770d0f66
school-46409,lga42379c2c72f3
school-46410,lga42379c2c72f3
school-46411,lga1be86b7b4de2
school-46412,lgaf711db11e308
school-46413,lgaf15ebed6de98
school-46414,lga1be86b7b4de2
school-46415,lga59db913dcc12
school-46417,lga59db913dcc12
school-46418,lgab79904b06b15
school-46419,lgaf711db11e308
school-46420,lgaf711db11e308
school-46421,lgaf711db11e308
school-46422,lgaf711db11e308
school-46424,lga6af8f571f4ac
school-46425,lgaaeff9c47295f
school-46426,lga4200d998f24c
school-46427,lgad7dd78a474c5
school-46428,lga8cbd86ae9377
school-46429,lgaf711db11e308
school-46430,lgaf45ca84fe363
school-46431,lgafd22606d6b20
school-46432,lgad6bfe80090c5
school-46433,lga8fb7499d80c3
school-46434,lgaec33a9b45493
school-46435,lgaaeff9c47295f
school-46436,lgaec33a9b45493
school-46437,lgad7dd78a474c5
school-46438,lga59db913dcc12
school-46439,lga59db913dcc12
school-46440,lgad6bfe80090c5
school-46441,lga8fb7499d80c3
school-46442,lgaec33a9b45493
school-46443,lgafd22606d6b20
school-46444,lgaf711db11e308
school-46445,lgafd22606d6b20
school-46446,lgaf711db11e308
school-46447,lga602768a2e8ea
school-46448,lga59db913dcc12
school-46449,lgaaeff9c47295f
school-46450,lga8fb7499d80c3
school-46451,lga4200d998f24c
school-46452,lgad15a5a116e04
school-46453,lgad15a5a116e04
school-46454,lga3ae8a31b9e30
school-46455,lga6af8f571f4ac
school-46456,lgaf711db11e308
school-46457,lgab89e443e1890
school-46458,lga8cbd86ae9377
school-46459,lgad7dd78a474c5
school-46460,lga242fb40d92ce
school-46461,lgaf711db11e308
school-46462,lgaf711db11e308
school-46463,lgaf711db11e308
school-46464,lgaaeff9c47295f
school-46465,lga773b4976f5ea
school-46466,lga59db913dcc12
school-46467,lga659897202954
school-46469,lgafd22606d6b20
school-46470,lgae51387f515c9
school-46471,lga2myCy2EsI_Km
school-46472,lga6797770d0f66
school-46473,lgad15a5a116e04
school-46475,lgae51387f515c9
school-46476,lga1d7e7742dd9a
school-46477,lgad7dd78a474c5
school-46478,lga6af8f571f4ac
school-46479,lgaf711db11e308
school-46480,lga59db913dcc12
school-46481,lga59db913dcc12
school-46483,lga12bb9336429b
school-46484,lgafd22606d6b20
school-46485,lgafd22606d6b20
school-46486,lga4200d998f24c
school-46487,lga68f11a29b468
school-46488,lga8fb7499d80c3
school-46489,lgad15a5a116e04
school-46490,lgad15a5a116e04
school-46491,lgaaeff9c47295f
school-46492,lga2myCy2EsI_Km
school-46493,lga59db913dcc12
school-46494,lgaf711db11e308
school-46495,lgaf711db11e308
school-46496,lga8fb7499d80c3
school-46497,lgad15a5a116e04
school-46498,lgafd22606d6b20
school-46499,lga4200d998f24c
school-46500,lga02b077f6a936
school-46501,lgab79904b06b15
school-46502,lgae1728aa315f4
school-46503,lgaf711db11e308
school-46504,lgab93ffe27bc7d
school-46505,lgaf15ebed6de98
school-46506,lgaf711db11e308
school-46507,lgaf15ebed6de98
school-46508,lgafd22606d6b20
school-46510,lga26ad1fbc8d11
school-46511,lga3629c1181a86
school-46512,lga4200d998f24c
school-46513,lga659897202954
school-46514,lgaf711db11e308
school-46515,lga59db913dcc12
school-46516,lga8fb7499d80c3
school-46517,lgab93ffe27bc7d
school-46518,lga659897202954
school-46519,lgaaeff9c47295f
school-46520,lgaaeff9c47295f
school-46521,lga68f11a29b468
school-46522,lga2myCy2EsI_Km
school-46523,lga4200d998f24c
school-46524,lga2myCy2EsI_Km
school-46525,lga0753be54f219
school-46526,lga59db913dcc12
school-46527,lgae6614bd759c6
school-46528,lgaec33a9b45493
school-46529,lga26ad1fbc8d11
school-46530,lgab89e443e1890
school-46531,lgaf45ca84fe363
school-46532,lgae51387f515c9
school-46533,lga9a3fb907d43d
school-46534,lga59db913dcc12
school-46535,lgabeae5da9112d
school-46536,lga5557811f6892
school-46537,lga59db913dcc12
school-46538,lga2myCy2EsI_Km
school-46539,lga9a3fb907d43d
school-46540,lgaf15ebed6de98
school-46541,lga2myCy2EsI_Km
school-46542,lga6797770d0f66
school-46543,lgade4dc14dba85
school-46544,lgaf711db11e308
school-46545,lgaf15ebed6de98
school-46546,lga2myCy2EsI_Km
school-46547,lga2myCy2EsI_Km
school-46548,lgaf711db11e308
school-46549,lga6af8f571f4ac
school-46550,lgaaeff9c47295f
school-46551,lga59db913dcc12
school-46552,lgaf711db11e308
school-46553,lga26ad1fbc8d11
school-46554,lgaaeff9c47295f
school-46555,lgabeae5da9112d
school-46556,lga93f152136839
school-46557,lgaf711db11e308
school-46558,lga8fb7499d80c3
school-46559,lga12bb9336429b
school-46560,lgaf711db11e308
school-46561,lgaf33b3dd90e12
school-46562,lgab93ffe27bc7d
school-46563,lga6af8f571f4ac
school-46564,lga6af8f571f4ac
school-46565,lgaaeff9c47295f
school-46566,lgaf711db11e308
school-46568,lga64a4ed31c67d
school-46569,lgaa9ec4359b5d6
school-46570,lgafd22606d6b20
school-46571,lga4200d998f24c
school-46572,lgaf711db11e308
school-46573,lgaf711db11e308
school-46574,lgaf711db11e308
school-46575,lga42379c2c72f3
school-46576,lgaf45ca84fe363
school-46577,lgae4cb9a1dd6df
school-46578,lga42379c2c72f3
school-46579,lga2d4caabc619c
school-46580,lga6af8f571f4ac
school-46581,lga2myCy2EsI_Km
school-46582,lga26ad1fbc8d11
school-46583,lgaaeff9c47295f
school-46584,lgab93ffe27bc7d
school-46585,lga26ad1fbc8d11
school-46586,lga121ab34837b6
school-46587,lga1be86b7b4de2
school-46588,lgad7dd78a474c5
school-46589,lgafd22606d6b20
school-46590,lga2myCy2EsI_Km
school-46591,lga65af96ce18eb
school-46592,lgaf711db11e308
school-46593,lga2myCy2EsI_Km
school-46594,lgae51387f515c9
school-46595,lgaf711db11e308
school-46596,lga26ad1fbc8d11
school-46597,lga42379c2c72f3
school-46598,lga564076f01296
school-46599,lgaf711db11e308
school-46600,lgaf711db11e308
school-46601,lga68f11a29b468
school-46602,lgad15a5a116e04
school-46603,lga68f11a29b468
school-46604,lgaf711db11e308
school-46605,lga42379c2c72f3
school-46606,lgafd22606d6b20
school-46607,lgaf711db11e308
school-46608,lga12bb9336429b
school-46609,lga64a4ed31c67d
school-46610,lga0271d997839b
school-46611,lga242fb40d92ce
school-46612,lga59db913dcc12
school-46613,lga26ad1fbc8d11
school-46615,lgaf711db11e308
school-46616,lga59db913dcc12
school-46617,lga68f11a29b468
school-46618,lga3629c1181a86
school-46619,lgaf45ca84fe363
school-46620,lgad15a5a116e04
school-46621,lga12bb9336429b
school-46622,lga93f152136839
school-46623,lga12bb9336429b
school-46624,lgaa9ec4359b5d6
school-46625,lga3ae8a31b9e30
school-46626,lga59db913dcc12
school-46627,lga93f152136839
school-46628,lga3ae8a31b9e30
school-46629,lgad7dd78a474c5
school-46630,lga59db913dcc12
school-46631,lga4200d998f24c
school-46632,lga68f11a29b468
school-46633,lgafd22606d6b20
school-46634,lgaf33b3dd90e12
school-46635,lga2myCy2EsI_Km
school-46636,lga6515b82d703f
school-46637,lgaf711db11e308
school-46638,lga659897202954
school-46639,lgab93ffe27bc7d
school-46640,lgaaeff9c47295f
school-46641,lgaa9ec4359b5d6
school-46642,lga2myCy2EsI_Km
school-46643,lga1be86b7b4de2
school-46644,lgae51387f515c9
school-46645,lga659897202954
school-46646,lgae51387f515c9
school-46647,lga6af8f571f4ac
school-46648,lgaa9ec4359b5d6
school-46649,lga68f11a29b468
school-46650,lgafd22606d6b20
school-46651,lga3ae8a31b9e30
school-46652,lgae51387f515c9
school-46653,lga12bb9336429b
school-46654,lgad15a5a116e04
school-46655,lgade4dc14dba85
school-46656,lgad15a5a116e04
school-46657,lgad15a5a116e04
school-46658,lga17db7019f3af
school-46659,lgaec33a9b45493
school-46660,lgaa9ec4359b5d6
school-46661,lgafd22606d6b20
school-46662,lgaaeff9c47295f
school-46663,lga2myCy2EsI_Km
school-46664,lga2myCy2EsI_Km
school-46665,lgaf711db11e308
school-46666,lgaf15ebed6de98
school-46667,lga59db913dcc12
school-46668,lga2myCy2EsI_Km
school-46669,lgaf711db11e308
school-46670,lga133d684be2c3
school-46671,lga659897202954
school-46672,lgad7dd78a474c5
school-46673,lga1be86b7b4de2
school-46674,lgae51387f515c9
school-46675,lgae3c62fc70808
school-46676,lgad7dd78a474c5
school-46677,lgae51387f515c9
school-46678,lgaf45ca84fe363
school-46679,lga59db913dcc12
school-46680,lga12bb9336429b
school-46681,lgae51387f515c9
school-46682,lga242fb40d92ce
school-46683,lga68f11a29b468
school-46684,lgaf711db11e308
school-46685,lga6797770d0f66
school-46686,lga42379c2c72f3
school-46687,lga68f11a29b468
school-46688,lga134d971228d6
school-46689,lgae51387f515c9
school-46690,lga0fa39d467066
school-46691,lga59db913dcc12
school-46692,lgaf711db11e308
school-46693,lgaec33a9b45493
school-46694,lga6af8f571f4ac
school-46695,lgae51387f515c9
school-46696,lga59db913dcc12
school-46697,lga02b077f6a936
school-46698,lga68f11a29b468
school-46699,lga12bb9336429b
school-46700,lgad6bfe80090c5
school-46701,lga3ae8a31b9e30
school-46702,lga12bb9336429b
school-46703,lgab79904b06b15
school-46704,lgaaeff9c47295f
school-46705,lga2myCy2EsI_Km
school-46706,lga68f11a29b468
school-46707,lga17db7019f3af
school-46708,lgaf33b3dd90e12
school-46709,lgab89e443e1890
school-46710,lga2d4caabc619c
school-46711,lgaf711db11e308
school-46712,lgaf711db11e308
school-46713,lgafd22606d6b20
school-46714,lga20e89c0a95cb
school-46715,lga4200d998f24c
school-46716,lgae191add5954d
school-46717,lga93860a041f4b
school-46718,lgaa9ec4359b5d6
school-46719,lga6ddd68314b4a
school-46720,lgad7dd78a474c5
school-46721,lgaec33a9b45493
school-46722,lgab89e443e1890
school-46723,lgab93ffe27bc7d
school-46724,lga59db913dcc12
school-46725,lgaa9ec4359b5d6
school-46726,lga3ae8a31b9e30
school-46727,lgad15a5a116e04
school-46728,lgaf711db11e308
school-46729,lgab79904b06b15
school-46730,lgae51387f515c9
school-46731,lgacc9efa3d7182
school-46732,lgaa9ec4359b5d6
school-46733,lgac2898d9aa6b6
school-46734,lgaf711db11e308
school-46735,lgaaeff9c47295f
school-46736,lgaec33a9b45493
school-46737,lgae3c62fc70808
school-46738,lga6af8f571f4ac
school-46739,lgaf711db11e308
school-46740,lgae3c62fc70808
school-46741,lgad7dd78a474c5
school-46742,lgaa9ec4359b5d6
school-46743,lgaf15ebed6de98
school-46744,lgad7dd78a474c5
school-46745,lga68f11a29b468
school-46746,lga12bb9336429b
school-46747,lga59db913dcc12
school-46748,lga3ae8a31b9e30
school-46749,lgaf6deb5a25417
school-46750,lgaf711db11e308
school-46751,lgaf15ebed6de98
school-46752,lga12bb9336429b
school-46753,lga1be86b7b4de2
school-46754,lgafd22606d6b20
school-46755,lgaf711db11e308
school-46756,lgad15a5a116e04
school-46757,lga93f152136839
school-46758,lga3ae8a31b9e30
school-46759,lga4d17dd509547
school-46760,lga659897202954
school-46761,lga1d7e7742dd9a
school-46762,lga6af8f571f4ac
school-46763,lga5557811f6892
school-46764,lga59db913dcc12
school-46765,lgade4dc14dba85
school-46766,lga8fb7499d80c3
school-46767,lgae1728aa315f4
school-46768,lga3ae8a31b9e30
school-46769,lga25de6be8cdbf
school-46770,lga93f152136839
school-46771,lga68f11a29b468
school-46772,lga1be86b7b4de2
school-46773,lga2d4caabc619c
school-46774,lga2myCy2EsI_Km
school-46775,lga659897202954
school-46776,lga4200d998f24c
school-46777,lga3ae8a31b9e30
school-46778,lga3ae8a31b9e30
school-46779,lga12bb9336429b
school-46780,lgaf711db11e308
school-46781,lga8fb7499d80c3
school-46782,lga12bb9336429b
school-46783,lgaec33a9b45493
school-46784,lga659897202954
school-46785,lga68f11a29b468
school-46786,lgaa9ec4359b5d6
school-46787,lgafd22606d6b20
school-46788,lga68f11a29b468
school-46789,lga8fb7499d80c3
school-46790,lgafd22606d6b20
school-46791,lgac23ab624ca25
school-46792,lgaec33a9b45493
school-46793,lgaec33a9b45493
school-46794,lga8cbd86ae9377
school-46795,lga659897202954
school-46796,lgabeae5da9112d
school-46797,lgaf711db11e308
school-46798,lgaf711db11e308
school-46799,lgacc9efa3d7182
school-46800,lgaf711db11e308
school-46801,lga8cbd86ae9377
school-46802,lgaa9ec4359b5d6
school-46803,lga2myCy2EsI_Km
school-46804,lgac692f003195d
school-46805,lgab89e443e1890
school-46806,lga2myCy2EsI_Km
school-46807,lga9a3fb907d43d
school-46808,lga68f11a29b468
school-46809,lgad15a5a116e04
school-46810,lga2myCy2EsI_Km
school-46811,lga6797770d0f66
school-46812,lgaf711db11e308
school-46813,lgaf711db11e308
school-46814,lga12bb9336429b
school-46815,lgad7dd78a474c5
school-46816,lgaf711db11e308
school-46817,lga12bb9336429b
school-46818,lga2myCy2EsI_Km
school-46819,lga3830f4b3c48b
school-46820,lga68f11a29b468
school-46821,lga659897202954
school-46822,lga6af8f571f4ac
school-46823,lgaf33b3dd90e12
school-46824,lga65af96ce18eb
school-46825,lgaf711db11e308
school-46827,lga68f11a29b468
school-46828,lga242fb40d92ce
school-46829,lga2d4caabc619c
school-46830,lga659897202954
school-46831,lgad15a5a116e04
school-46832,lgaec33a9b45493
school-46833,lga4d17dd509547
school-46834,lga3ae8a31b9e30
school-46835,lgaf711db11e308
school-46836,lgaaeff9c47295f
school-46837,lgaaeff9c47295f
school-46838,lga8cbd86ae9377
school-46839,lgaec33a9b45493
school-46840,lgab79904b06b15
school-46841,lga1be86b7b4de2
school-46842,lgaa9ec4359b5d6
school-46843,lga1d7e7742dd9a
school-46844,lga3ae8a31b9e30
school-46845,lga26ad1fbc8d11
school-46846,lga659897202954
school-46847,lgaa9ec4359b5d6
school-46848,lga2myCy2EsI_Km
school-46849,lga59db913dcc12
school-46850,lga2myCy2EsI_Km
school-46851,lgaf711db11e308
school-46852,lgad15a5a116e04
school-46853,lgad7dd78a474c5
school-46854,lgaa9ec4359b5d6
school-46855,lga242fb40d92ce
school-46856,lga68f11a29b468
school-46857,lgad15a5a116e04
school-46858,lgaf711db11e308
school-46859,lgae51387f515c9
school-46860,lgad7dd78a474c5
school-46861,lga602768a2e8ea
school-46862,lga602768a2e8ea
school-46863,lgae4cb9a1dd6df
school-46864,lgafd22606d6b20
school-46865,lga9a3fb907d43d
school-46866,lgaf711db11e308
school-46867,lgae1728aa315f4
school-46868,lgaf711db11e308
school-46869,lga3ae8a31b9e30
school-46870,lgab93ffe27bc7d
school-46871,lga59db913dcc12
school-46872,lga2myCy2EsI_Km
school-46873,lga242fb40d92ce
school-46874,lgaf45ca84fe363
school-46875,lga3ae8a31b9e30
school-46876,lga68f11a29b468
school-46877,lgad6bfe80090c5
school-46878,lga2d4caabc619c
school-46879,lga2d4caabc619c
school-46880,lgaf45ca84fe363
school-46881,lga65af96ce18eb
school-46882,lga8fb7499d80c3
school-46883,lga4200d998f24c
school-46884,lga65af96ce18eb
school-46885,lgaf711db11e308
school-46886,lga3ae8a31b9e30
school-46887,lgaaeff9c47295f
school-46888,lgaa9ec4359b5d6
school-46889,lgae4cb9a1dd6df
school-46890,lgacc9efa3d7182
school-46891,lga1be86b7b4de2
school-46892,lga42379c2c72f3
school-46893,lgaaeff9c47295f
school-46894,lga6797770d0f66
school-46895,lga65af96ce18eb
school-46896,lga2d4caabc619c
school-46897,lgaf45ca84fe363
school-46898,lgab89e443e1890
school-46899,lga12bb9336429b
school-46900,lga64a4ed31c67d
school-46901,lga4200d998f24c
school-46902,lgacc9efa3d7182
school-46903,lgae1728aa315f4
school-46904,lgae1728aa315f4
school-46905,lgae51387f515c9
school-46906,lga59db913dcc12
school-46907,lga6af8f571f4ac
school-46909,lgaf45ca84fe363
school-46910,lgaf711db11e308
school-46911,lga8fb7499d80c3
school-46912,lgae4cb9a1dd6df
school-46913,lga59db913dcc12
school-46914,lgae1728aa315f4
school-46915,lga59db913dcc12
school-46916,lga59db913dcc12
school-46917,lgaa9ec4359b5d6
school-46918,lga242fb40d92ce
school-46919,lga4d17dd509547
school-46920,lgab89e443e1890
school-46921,lgae1728aa315f4
school-46922,lga659897202954
school-46923,lga2d4caabc619c
school-46924,lga242fb40d92ce
school-46925,lga12bb9336429b
school-46926,lgaf711db11e308
school-46927,lgaa9ec4359b5d6
school-46928,lgaf45ca84fe363
school-46929,lgaec33a9b45493
school-46930,lgaf711db11e308
school-46931,lga1be86b7b4de2
school-46932,lgaec33a9b45493
school-46933,lgaf711db11e308
school-46934,lga6797770d0f66
school-46935,lgaf45ca84fe363
school-46936,lga26ad1fbc8d11
school-46937,lga8fb7499d80c3
school-46938,lgab89e443e1890
school-46939,lga93860a041f4b
school-46941,lga659897202954
school-46942,lgaec33a9b45493
school-46943,lga1be86b7b4de2
school-46944,lga1d7e7742dd9a
school-46945,lga8fb7499d80c3
school-46946,lgaf711db11e308
school-46947,lga4200d998f24c
school-46948,lgaf711db11e308
school-46949,lga2d4caabc619c
school-46950,lga1d7e7742dd9a
school-46951,lga93860a041f4b
school-46952,lgaf15ebed6de98
school-46953,lga68f11a29b468
school-46954,lga8fb7499d80c3
school-46955,lgaf711db11e308
school-46956,lga65af96ce18eb
school-46957,lga6af8f571f4ac
school-46958,lga242fb40d92ce
school-46959,lga12bb9336429b
school-46960,lga8cbd86ae9377
school-46961,lgaa9ec4359b5d6
school-46962,lga2myCy2EsI_Km
school-46963,lga02b077f6a936
school-46964,lgae1728aa315f4
school-46965,lga59db913dcc12
school-46966,lgaf711db11e308
school-46967,lga68f11a29b468
school-46968,lgae4cb9a1dd6df
school-46969,lga6af8f571f4ac
school-46970,lga59db913dcc12
school-46971,lgaf711db11e308
school-46972,lgafd22606d6b20
school-46973,lga59db913dcc12
school-46974,lga59db913dcc12
school-46975,lga26ad1fbc8d11
school-46976,lga3ae8a31b9e30
school-46977,lga8fb7499d80c3
school-46979,lga99a8c0746a63
school-46980,lga4d17dd509547
school-46981,lga242fb40d92ce
school-46982,lga4d17dd509547
school-46983,lga02b077f6a936
school-46984,lga65af96ce18eb
school-46985,lgaf711db11e308
school-46986,lga659897202954
school-46987,lga4200d998f24c
school-46988,lgae1728aa315f4
school-46989,lgad7dd78a474c5
school-46990,lgae1728aa315f4
school-46991,lgaf711db11e308
school-46992,lgab79904b06b15
school-46993,lga007f46dae6a8
school-46994,lgae6614bd759c6
school-46995,lgaf711db11e308
school-46996,lgaf711db11e308
school-46997,lgab79904b06b15
school-46998,lgae1728aa315f4
school-46999,lga6af8f571f4ac
school-47000,lga59db913dcc12
school-47001,lgaf711db11e308
school-47002,lgaf711db11e308
school-47003,lgaf15ebed6de98
school-47004,lgad7dd78a474c5
school-47005,lga1be86b7b4de2
school-47006,lgacc9efa3d7182
school-47007,lgad7dd78a474c5
school-47008,lga242fb40d92ce
school-47009,lga68f11a29b468
school-47010,lgae4cb9a1dd6df
school-47011,lga26ad1fbc8d11
school-47012,lga4200d998f24c
school-47013,lga1be86b7b4de2
school-47014,lga59db913dcc12
school-47015,lgad7dd78a474c5
school-47016,lgaf711db11e308
school-47017,lga242fb40d92ce
school-47018,lgaf45ca84fe363
school-47019,lga4d17dd509547
school-47020,lga26ad1fbc8d11
school-47021,lgaf711db11e308
school-47022,lgaf711db11e308
school-47023,lgaf33b3dd90e12
school-47024,lgae51387f515c9
school-47025,lgab79904b06b15
school-47027,lga8fb7499d80c3
school-47028,lgaf45ca84fe363
school-47029,lga1be86b7b4de2
school-47030,lgaf711db11e308
school-47031,lgaf711db11e308
school-47032,lga1be86b7b4de2
school-47033,lgaf711db11e308
school-47034,lgaf45ca84fe363
school-47035,lga3ae8a31b9e30
school-47036,lgaf711db11e308
school-47037,lga4200d998f24c
school-47038,lga4200d998f24c
school-47039,lgafd22606d6b20
school-47040,lgaf711db11e308
school-47041,lga4200d998f24c
school-47042,lga242fb40d92ce
school-47043,lgaf45ca84fe363
school-47044,lga4200d998f24c
school-47045,lga9a3fb907d43d
school-47046,lga26ad1fbc8d11
school-47047,lgaaeff9c47295f
school-47048,lga1be86b7b4de2
school-47049,lga3ae8a31b9e30
school-47050,lgabeae5da9112d
school-47051,lga59db913dcc12
school-47052,lga3ae8a31b9e30
school-47053,lga4200d998f24c
school-47054,lga3d0011c23da0
school-47055,lgaf711db11e308
school-47056,lga1be86b7b4de2
school-47057,lgafd22606d6b20
school-47058,lgaf45ca84fe363
school-47059,lga68f11a29b468
school-47060,lgacc9efa3d7182
school-47061,lga8fb7499d80c3
school-47062,lga2myCy2EsI_Km
school-47063,lgae4cb9a1dd6df
school-47064,lga9a3fb907d43d
school-47065,lgab89e443e1890
school-47066,lga12bb9336429b
school-47067,lgaec33a9b45493
school-47068,lgaf711db11e308
school-47069,lga8cbd86ae9377
school-47070,lga4d17dd509547
school-47071,lga59db913dcc12
school-47072,lga659897202954
school-47073,lga3ae8a31b9e30
school-47074,lga42379c2c72f3
school-47075,lga59db913dcc12
school-47076,lgaa9ec4359b5d6
school-47077,lgadddcddee4d71
school-47078,lga1be86b7b4de2
school-47079,lga2myCy2EsI_Km
school-47080,lgaf711db11e308
school-47081,lga68f11a29b468
school-47082,lga659897202954
school-47083,lga242fb40d92ce
school-47084,lgaf711db11e308
school-47085,lgab89e443e1890
school-47086,lga659897202954
school-47087,lgae51387f515c9
school-47088,lga59db913dcc12
school-47089,lgaf33b3dd90e12
school-47090,lga02b077f6a936
school-47091,lga65af96ce18eb
school-47092,lgadd0bee3ae7c9
school-47093,lgae6614bd759c6
school-47094,lga59db913dcc12
school-47095,lga4200d998f24c
school-47096,lgaaeff9c47295f
school-47097,lga1be86b7b4de2
school-47098,lga12bb9336429b
school-47099,lgaf711db11e308
school-47100,lga561276499dfd
school-47101,lgaa9ec4359b5d6
school-47102,lgaec33a9b45493
school-47103,lga65af96ce18eb
school-47104,lga12bb9336429b
school-47105,lgab79904b06b15
school-47106,lgae1728aa315f4
school-47107,lga12bb9336429b
school-47108,lga59db913dcc12
school-47109,lga659897202954
school-47110,lga2d4caabc619c
school-47111,lgad6bfe80090c5
school-47112,lga68f11a29b468
school-47113,lgad15a5a116e04
school-47114,lgaa9ec4359b5d6
school-47115,lga3ae8a31b9e30
school-47116,lga1be86b7b4de2
school-47117,lga26ad1fbc8d11
school-47118,lga1be86b7b4de2
school-47120,lgaec33a9b45493
school-47121,lgab89e443e1890
school-47122,lgaaeff9c47295f
school-47123,lga2d4caabc619c
school-47124,lga4200d998f24c
school-47125,lgaa9ec4359b5d6
school-47126,lgacc9efa3d7182
school-47127,lga68f11a29b468
school-47128,lga65af96ce18eb
school-47129,lga8cbd86ae9377
school-47130,lga2d4caabc619c
school-47131,lga242fb40d92ce
school-47132,lga6502ae8312bd
school-47133,lga3ae8a31b9e30
school-47134,lgaf45ca84fe363
school-47135,lga8cbd86ae9377
school-47136,lga8cbd86ae9377
school-47137,lga242fb40d92ce
school-47138,lga659897202954
school-47139,lga65af96ce18eb
school-47140,lga12bb9336429b
school-47141,lga242fb40d92ce
school-47142,lga3ae8a31b9e30
school-47143,lgaf711db11e308
school-47144,lgaf711db11e308
school-47145,lga8cbd86ae9377
school-47146,lga2d4caabc619c
school-47147,lga6af8f571f4ac
school-47148,lgaf711db11e308
school-47149,lga59db913dcc12
school-47150,lga1be86b7b4de2
school-47152,lgaf711db11e308
school-47153,lgaec33a9b45493
school-47154,lga3ae8a31b9e30
school-47155,lgabeae5da9112d
school-47156,lgaf45ca84fe363
school-47157,lgaf711db11e308
school-47158,lga26ad1fbc8d11
school-47159,lga42379c2c72f3
school-47160,lga8fb7499d80c3
school-47161,lgaf711db11e308
school-47162,lgab89e443e1890
school-47163,lgaf711db11e308
school-47164,lgad6bfe80090c5
school-47165,lga1d7e7742dd9a
school-47166,lga42379c2c72f3
school-47167,lga8cbd86ae9377
school-47168,lgaf711db11e308
school-47169,lgae1728aa315f4
school-47170,lgaf711db11e308
school-47171,lga2d4caabc619c
school-47172,lgae1728aa315f4
school-47173,lga12bb9336429b
school-47174,lga5557811f6892
school-47175,lga9a3fb907d43d
school-47176,lga6af8f571f4ac
school-47177,lgaf711db11e308
school-47178,lga68f11a29b468
school-47179,lga42379c2c72f3
school-47180,lga8fb7499d80c3
school-47181,lga1be86b7b4de2
school-47182,lga3ae8a31b9e30
school-47183,lgaf711db11e308
school-47184,lga1be86b7b4de2
school-47185,lga2myCy2EsI_Km
school-47186,lgafd22606d6b20
school-47187,lgaaeff9c47295f
school-47188,lgaa9ec4359b5d6
school-47189,lga3ae8a31b9e30
school-47190,lga68f11a29b468
school-47191,lgab79904b06b15
school-47192,lgaaeff9c47295f
school-47194,lgaf711db11e308
school-47195,lgaf711db11e308
school-47196,lga3d0011c23da0
school-47197,lga3ae8a31b9e30
school-47198,lgaa9ec4359b5d6
school-47199,lgaf711db11e308
school-47200,lga1d7e7742dd9a
school-47201,lgaf711db11e308
school-47202,lgae6614bd759c6
school-47203,lgad6bfe80090c5
school-47204,lga6af8f571f4ac
school-47205,lgaf711db11e308
school-47206,lga4200d998f24c
school-47207,lgaaeff9c47295f
school-47208,lga242fb40d92ce
school-47209,lga68f11a29b468
school-47210,lgaf711db11e308
school-47211,lgaf711db11e308
school-47212,lga1d7e7742dd9a
school-47213,lga1d7e7742dd9a
school-47214,lgae1728aa315f4
school-47215,lga59db913dcc12
school-47216,lga242fb40d92ce
school-47217,lgaf711db11e308
school-47218,lgaf711db11e308
school-47219,lga0fa39d467066
school-47220,lga3ae8a31b9e30
school-47221,lgae1728aa315f4
school-47222,lgaf711db11e308
school-47223,lgaf711db11e308
school-47224,lgad7dd78a474c5
school-47225,lgaaeff9c47295f
school-47226,lga007f46dae6a8
school-47228,lga2d4caabc619c
school-47229,lgaf711db11e308
school-47230,lgacc9efa3d7182
school-47231,lgaf711db11e308
school-47232,lga4200d998f24c
school-47233,lgaec33a9b45493
school-47234,lgaa9ec4359b5d6
school-47235,lgaa9ec4359b5d6
school-47236,lga4200d998f24c
school-47237,lgaec33a9b45493
school-47238,lga2d4caabc619c
school-47239,lgaa9ec4359b5d6
school-47240,lgaf15ebed6de98
school-47241,lga2myCy2EsI_Km
school-47242,lga2myCy2EsI_Km
school-47243,lgaf711db11e308
school-47244,lga2d4caabc619c
school-47245,lga26ad1fbc8d11
school-47246,lgaa9ec4359b5d6
school-47247,lga59db913dcc12
school-47248,lga68f11a29b468
school-47249,lgaaeff9c47295f
school-47250,lgaaeff9c47295f
school-47251,lgaaeff9c47295f
school-47252,lga6af8f571f4ac
school-47253,lga59db913dcc12
school-47254,lgaaeff9c47295f
school-47255,lga2myCy2EsI_Km
school-47256,lga6af8f571f4ac
school-47257,lgac692f003195d
school-47258,lgae1728aa315f4
school-47259,lgaaeff9c47295f
school-47260,lgaf711db11e308
school-47261,lga2d4caabc619c
school-47262,lgaf33b3dd90e12
school-47263,lga3ae8a31b9e30
school-47264,lga3ae8a31b9e30
school-47265,lga59db913dcc12
school-47266,lgafd22606d6b20
school-47267,lga42379c2c72f3
school-47268,lgaf711db11e308
school-47269,lga6797770d0f66
school-47270,lga4d17dd509547
school-47271,lga2d4caabc619c
school-47272,lgaa9ec4359b5d6
school-47273,lga1d7e7742dd9a
school-47274,lga8cbd86ae9377
school-47275,lga68f11a29b468
school-47276,lga1d7e7742dd9a
school-47277,lga1d7e7742dd9a
school-47278,lgaf711db11e308
school-47279,lga1be86b7b4de2
school-47280,lga3ae8a31b9e30
school-47281,lgaf711db11e308
school-47282,lga3ae8a31b9e30
school-47283,lgad15a5a116e04
school-47284,lga2myCy2EsI_Km
school-47285,lga12bb9336429b
school-47286,lgaf711db11e308
school-47287,lga2myCy2EsI_Km
school-47288,lgafd22606d6b20
school-47289,lgaf711db11e308
school-47290,lgad15a5a116e04
school-47291,lgaa9ec4359b5d6
school-47292,lgad15a5a116e04
school-47293,lga12bb9336429b
school-47294,lgaaeff9c47295f
school-47295,lgaf711db11e308
school-47296,lgaa9ec4359b5d6
school-47297,lgad15a5a116e04
school-47298,lgad15a5a116e04
school-47299,lga2myCy2EsI_Km
school-47300,lgafd22606d6b20
school-47301,lga3ae8a31b9e30
school-47302,lga2myCy2EsI_Km
school-47303,lgaf711db11e308
school-47304,lgad15a5a116e04
school-47305,lgaf711db11e308
school-47306,lgaa9ec4359b5d6
school-47307,lgaf711db11e308
school-47308,lgaaeff9c47295f
school-47309,lgae51387f515c9
school-47310,lga2myCy2EsI_Km
school-47311,lga2d4caabc619c
school-47312,lgaf33b3dd90e12
school-47313,lga6797770d0f66
school-47314,lgaf711db11e308
school-47315,lga59db913dcc12
school-47316,lga68f11a29b468
school-47317,lga2d4caabc619c
school-47318,lga2myCy2EsI_Km
school-47319,lgae51387f515c9
school-47320,lga6797770d0f66
school-47321,lgad15a5a116e04
school-47322,lga12bb9336429b
school-47323,lga6797770d0f66
school-47324,lgaaeff9c47295f
school-47325,lga2myCy2EsI_Km
school-47326,lgaf45ca84fe363
school-47327,lga8fb7499d80c3
school-47328,lga42379c2c72f3
school-47329,lgad15a5a116e04
school-47330,lga9a3fb907d43d
school-47331,lga6797770d0f66
school-47332,lga6797770d0f66
school-47333,lgaa9ec4359b5d6
school-47334,lgaf45ca84fe363
school-47335,lgad15a5a116e04
school-47336,lgaaeff9c47295f
school-47337,lgad15a5a116e04
school-47338,lgaaeff9c47295f
school-47339,lgae51387f515c9
school-47340,lga42379c2c72f3
school-47341,lgad15a5a116e04
school-47342,lgaaeff9c47295f
school-47343,lgad7dd78a474c5
school-47344,lgaaeff9c47295f
school-47346,lga42379c2c72f3
school-47347,lgad15a5a116e04
school-47348,lgafd22606d6b20
school-47349,lga3ae8a31b9e30
school-47350,lga97d2265a79ce
school-47351,lga97d2265a79ce
school-47352,lga97d2265a79ce
school-47353,lga97d2265a79ce
school-47354,lga6ddd68314b4a
school-47355,lga97d2265a79ce
school-47356,lga97d2265a79ce
school-47357,lga97d2265a79ce
school-47358,lga6ddd68314b4a
school-47359,lga97d2265a79ce
school-47360,lga6ddd68314b4a
school-47361,lga6ddd68314b4a
school-47362,lga6ddd68314b4a
school-47363,lga97d2265a79ce
school-47364,lgad15a5a116e04
school-47365,lgaec33a9b45493
school-47366,lgafd22606d6b20
school-47367,lga3ae8a31b9e30
school-47368,lga2myCy2EsI_Km
school-47369,lga42379c2c72f3
school-47370,lga12bb9336429b
school-47371,lga2myCy2EsI_Km
school-47372,lgacc9efa3d7182
school-47373,lgae6614bd759c6
school-47375,lgad15a5a116e04
school-47376,lgaaeff9c47295f
school-47377,lgaa9ec4359b5d6
school-47378,lgaf711db11e308
school-47379,lgaaeff9c47295f
school-47380,lga8fb7499d80c3
school-47381,lgaaeff9c47295f
school-47382,lgaf15ebed6de98
school-47383,lgad15a5a116e04
school-47384,lgaf33b3dd90e12
school-47385,lgabeae5da9112d
school-47386,lga2d4caabc619c
school-47387,lgae6614bd759c6
school-47388,lga2d4caabc619c
school-47389,lgad15a5a116e04
school-47390,lgaaeff9c47295f
school-47391,lgaf45ca84fe363
school-47392,lga2myCy2EsI_Km
school-47393,lga42379c2c72f3
school-47394,lga6af8f571f4ac
school-47395,lga2myCy2EsI_Km
school-47396,lga2myCy2EsI_Km
school-47397,lgad15a5a116e04
school-47398,lgaa9ec4359b5d6
school-47399,lgab79904b06b15
school-47400,lgaaeff9c47295f
school-47401,lga2myCy2EsI_Km
school-47402,lga6ddd68314b4a
school-47403,lgad15a5a116e04
school-47404,lgaaeff9c47295f
school-47405,lgaf711db11e308
school-47406,lgaa9ec4359b5d6
school-47407,lgae6614bd759c6
school-47408,lgaf711db11e308
school-47409,lga68f11a29b468
school-47410,lga2d4caabc619c
school-47411,lgab93ffe27bc7d
school-47412,lgaec33a9b45493
school-47413,lgab89e443e1890
school-47414,lga3ae8a31b9e30
school-47415,lga8fb7499d80c3
school-47416,lga8fb7499d80c3
school-47417,lga59db913dcc12
school-47418,lga4200d998f24c
school-47419,lga6af8f571f4ac
school-47420,lga68f11a29b468
school-47421,lga6af8f571f4ac
school-47422,lgaf711db11e308
school-47423,lgaf711db11e308
school-47424,lgaf711db11e308
school-47425,lgaf711db11e308
school-47426,lgaf33b3dd90e12
school-47427,lga8fb7499d80c3
school-47428,lgaf45ca84fe363
school-47429,lgaa9ec4359b5d6
school-47430,lga1be86b7b4de2
school-47431,lgaf711db11e308
school-47432,lgaaeff9c47295f
school-47433,lga59db913dcc12
school-47434,lgaf711db11e308
school-47435,lgaf711db11e308
school-47436,lga8fb7499d80c3
school-47437,lgaf711db11e308
school-47438,lga242fb40d92ce
school-47439,lga2myCy2EsI_Km
school-47440,lgaaeff9c47295f
school-47441,lgaf711db11e308
school-47442,lgaf711db11e308
school-47443,lga12bb9336429b
school-47444,lgafd22606d6b20
school-47445,lga65af96ce18eb
school-47446,lga242fb40d92ce
school-47447,lgaf711db11e308
school-47448,lgaf711db11e308
school-47449,lgaf711db11e308
school-47450,lgaf711db11e308
school-47451,lga2d4caabc619c
school-47452,lga4d17dd509547
school-47453,lgaf711db11e308
school-47454,lgaf711db11e308
school-47455,lgad7dd78a474c5
school-47456,lga68f11a29b468
school-47457,lga4200d998f24c
school-47458,lgacc9efa3d7182
school-47459,lga2myCy2EsI_Km
school-47460,lga65af96ce18eb
school-47461,lgade4dc14dba85
school-47462,lgafd22606d6b20
school-47463,lga42379c2c72f3
school-47464,lgaf711db11e308
school-47465,lgaf711db11e308
school-47466,lgaf711db11e308
school-47467,lgaf711db11e308
school-47468,lga659897202954
school-47469,lgad15a5a116e04
school-47470,lga1d7e7742dd9a
school-47471,lgaaeff9c47295f
school-47472,lga1be86b7b4de2
school-47473,lga9a3fb907d43d
school-47474,lga8cbd86ae9377
school-47475,lgacc9efa3d7182
school-47476,lga2myCy2EsI_Km
school-47477,lgad6bfe80090c5
school-47478,lga6af8f571f4ac
school-47479,lgab89e443e1890
school-47480,lga68f11a29b468
school-47481,lga3ae8a31b9e30
school-47482,lgaa9ec4359b5d6
school-47483,lga8cbd86ae9377
school-47484,lga59db913dcc12
school-47485,lga12bb9336429b
school-47486,lga3ae8a31b9e30
school-47487,lga2myCy2EsI_Km
school-47488,lgae1728aa315f4
school-47489,lgaf711db11e308
school-47490,lga659897202954
school-47491,lga2d4caabc619c
school-47492,lga2myCy2EsI_Km
school-47493,lga9a3fb907d43d
school-47494,lgaa9ec4359b5d6
school-47495,lga6af8f571f4ac
school-47496,lga59db913dcc12
school-47497,lga602768a2e8ea
school-47498,lga6ddd68314b4a
school-47499,lgaa9ec4359b5d6
school-47500,lga3ae8a31b9e30
school-47501,lgaf711db11e308
school-47502,lga59db913dcc12
school-47503,lga12bb9336429b
school-47504,lga59db913dcc12
school-47505,lgae51387f515c9
school-47506,lgab79904b06b15
school-47507,lgaf711db11e308
school-47508,lgaf711db11e308
school-47509,lgad15a5a116e04
school-47510,lgaaeff9c47295f
school-47511,lgafd22606d6b20
school-47512,lga68f11a29b468
school-47513,lgaf711db11e308
school-47514,lga26ad1fbc8d11
school-47515,lgae51387f515c9
school-47516,lga6797770d0f66
school-47517,lga1d7e7742dd9a
school-47518,lgaec33a9b45493
school-47519,lgad15a5a116e04
school-47520,lgad15a5a116e04
school-47521,lga2myCy2EsI_Km
school-47522,lga02b077f6a936
school-47523,lga1be86b7b4de2
school-47524,lgaa9ec4359b5d6
school-47525,lga12bb9336429b
school-47526,lgaaeff9c47295f
school-47527,lgaf711db11e308
school-47528,lgad15a5a116e04
school-47529,lgaaeff9c47295f
school-47530,lgafd22606d6b20
school-47531,lgaf45ca84fe363
school-47532,lgad15a5a116e04
school-47533,lga2myCy2EsI_Km
school-47534,lga2myCy2EsI_Km
school-47535,lga6797770d0f66
school-47536,lga242fb40d92ce
school-47537,lgaf711db11e308
school-47538,lga2d4caabc619c
school-47539,lga26ad1fbc8d11
school-47540,lgad15a5a116e04
school-47541,lga2d4caabc619c
school-47542,lgad7dd78a474c5
school-47543,lgad15a5a116e04
school-47544,lgaa9ec4359b5d6
school-47545,lgaaeff9c47295f
school-47546,lgaf711db11e308
school-47547,lga3ae8a31b9e30
school-47548,lgaaeff9c47295f
school-47549,lgacc9efa3d7182
school-47550,lga12bb9336429b
school-47551,lga2myCy2EsI_Km
school-47552,lgafd22606d6b20
school-47553,lga42379c2c72f3
school-47554,lgad15a5a116e04
school-47555,lgaa9ec4359b5d6
school-47556,lga42379c2c72f3
school-47557,lga26ad1fbc8d11
school-47558,lga2myCy2EsI_Km
school-47559,lgae51387f515c9
school-47560,lgaaeff9c47295f
school-47561,lgaaeff9c47295f
school-47562,lga6797770d0f66
school-47563,lga12bb9336429b
school-47564,lgad15a5a116e04
school-47565,lga2myCy2EsI_Km
school-47566,lgad15a5a116e04
school-47567,lgaa9ec4359b5d6
school-47569,lga659897202954
school-47570,lgaa9ec4359b5d6
school-47571,lga9a3fb907d43d
school-47572,lgaf711db11e308
school-47573,lgad15a5a116e04
school-47574,lga2myCy2EsI_Km
school-47575,lgaaeff9c47295f
school-47576,lgaaeff9c47295f
school-47577,lga12bb9336429b
school-47578,lgaf711db11e308
school-47579,lgaf711db11e308
school-47580,lgad15a5a116e04
school-47581,lgaf45ca84fe363
school-47582,lgab89e443e1890
school-47583,lgae4cb9a1dd6df
school-47584,lgaf711db11e308
school-47585,lgaec33a9b45493
school-47586,lga2myCy2EsI_Km
school-47587,lga8fb7499d80c3
school-47588,lga2myCy2EsI_Km
school-47589,lgaf711db11e308
school-47590,lgaf711db11e308
school-47591,lgafd22606d6b20
school-47592,lga6af8f571f4ac
school-47593,lgafd22606d6b20
school-47594,lgaf711db11e308
school-47595,lgaaeff9c47295f
school-47596,lga68f11a29b468
school-47597,lgaf711db11e308
school-47598,lga59db913dcc12
school-47599,lga42379c2c72f3
school-47600,lgafd22606d6b20
school-47601,lgaf711db11e308
school-47602,lga8fb7499d80c3
school-47603,lgaa9ec4359b5d6
school-47604,lgaf711db11e308
school-47605,lga2myCy2EsI_Km
school-47606,lgaaeff9c47295f
school-47607,lga2myCy2EsI_Km
school-47608,lgaaeff9c47295f
school-47609,lgad15a5a116e04
school-47610,lgaa9ec4359b5d6
school-47611,lgaf711db11e308
school-47612,lga6af8f571f4ac
school-47613,lgafd22606d6b20
school-47614,lgaf711db11e308
school-47615,lgaf711db11e308
school-47616,lga3ae8a31b9e30
school-47617,lgaf711db11e308
school-47618,lgaf711db11e308
school-47619,lga59db913dcc12
school-47620,lgaf711db11e308
school-47621,lgaf711db11e308
school-47622,lga2d4caabc619c
school-47623,lgade4dc14dba85
school-47624,lgae4cb9a1dd6df
school-47625,lgaf711db11e308
school-47626,lgab93ffe27bc7d
school-47627,lga602768a2e8ea
school-47628,lgae51387f515c9
school-47629,lga8fb7499d80c3
school-47630,lgae4cb9a1dd6df
school-47631,lgaf711db11e308
school-47632,lga42379c2c72f3
school-47633,lga2myCy2EsI_Km
school-47634,lgaf711db11e308
school-47635,lgafd22606d6b20
school-47636,lgaa9ec4359b5d6
school-47637,lgaf15ebed6de98
school-47638,lga4d17dd509547
school-47639,lgaaeff9c47295f
school-47640,lgaaeff9c47295f
school-47641,lga2myCy2EsI_Km
school-47642,lgaaeff9c47295f
school-47643,lgaaeff9c47295f
school-47645,lga2myCy2EsI_Km
school-47646,lga3ae8a31b9e30
school-47647,lgae51387f515c9
school-47648,lga12bb9336429b
school-47649,lga3ae8a31b9e30
school-47650,lga3ae8a31b9e30
school-47651,lgaa9ec4359b5d6
school-47652,lga42379c2c72f3
school-47653,lga12bb9336429b
school-47654,lgab93ffe27bc7d
school-47655,lgad15a5a116e04
school-47656,lgaaeff9c47295f
school-47657,lga2d4caabc619c
school-47658,lgad15a5a116e04
school-47659,lgaa9ec4359b5d6
school-47660,lga59db913dcc12
school-47661,lga4200d998f24c
school-47663,lga2myCy2EsI_Km
school-47664,lga2myCy2EsI_Km
school-47665,lga6af8f571f4ac
school-47666,lga59db913dcc12
school-47667,lga9a3fb907d43d
school-47668,lgaf711db11e308
school-47669,lgafd22606d6b20
school-47670,lgaf711db11e308
school-47671,lga2myCy2EsI_Km
school-47672,lgaf711db11e308
school-47673,lgad15a5a116e04
school-47674,lgaf711db11e308
school-47675,lgaf711db11e308
school-47676,lgaf711db11e308
school-47677,lgaf711db11e308
school-47678,lgaf711db11e308
school-47679,lga2myCy2EsI_Km
school-47680,lgafd22606d6b20
school-47681,lgaf711db11e308
school-47682,lgaf711db11e308
school-47683,lgaf711db11e308
school-47684,lgaf711db11e308
school-47685,lgaf711db11e308
school-47686,lgaf711db11e308
school-47687,lgaf711db11e308
school-47688,lgaf711db11e308
school-47689,lgaf711db11e308
school-47690,lgaf711db11e308
school-47691,lgaf711db11e308
school-47692,lga2myCy2EsI_Km
school-47693,lgaf711db11e308
school-47694,lgafd22606d6b20
school-47695,lgaf711db11e308
school-47696,lgaf711db11e308
school-47697,lgaf711db11e308
school-47698,lgaf711db11e308
school-47699,lgaf711db11e308
school-47700,lgaf711db11e308
school-47701,lgaf711db11e308
school-47702,lgaf711db11e308
school-47703,lgaf711db11e308
school-47704,lgad15a5a116e04
school-47705,lgaf711db11e308
school-47706,lgaf711db11e308
school-47707,lgaf711db11e308
school-47708,lgaf711db11e308
school-47709,lgafd22606d6b20
school-47710,lga2d4caabc619c
school-47711,lgaf711db11e308
school-47712,lgaf711db11e308
school-47713,lgaf711db11e308
school-47714,lgaf711db11e308
school-47715,lgaf711db11e308
school-47716,lgaf711db11e308
school-47717,lgaf711db11e308
school-47718,lgaf711db11e308
school-47719,lgafd22606d6b20
school-47720,lgaf711db11e308
school-47721,lgaf711db11e308
school-47722,lgad15a5a116e04
school-47723,lgaf711db11e308
school-47724,lgaf711db11e308
school-47725,lgaf711db11e308
school-47726,lgaf711db11e308
school-47727,lgaf711db11e308
school-47728,lgafd22606d6b20
school-47729,lgad15a5a116e04
school-47730,lgaf711db11e308
school-47731,lga2myCy2EsI_Km
school-47732,lgaf711db11e308
school-47733,lgaf711db11e308
school-47734,lgaf711db11e308
school-47735,lgaf711db11e308
school-47736,lgaf711db11e308
school-47737,lgaf711db11e308
school-47738,lgad15a5a116e04
school-47739,lgaf711db11e308
school-47740,lga2myCy2EsI_Km
school-47741,lga42379c2c72f3
school-47742,lgaf711db11e308
school-47743,lga659897202954
school-47744,lgaaeff9c47295f
school-47745,lgaaeff9c47295f
school-47746,lgad7dd78a474c5
school-47747,lgaaeff9c47295f
school-47748,lgafd22606d6b20
school-47749,lgaaeff9c47295f
school-47750,lga68f11a29b468
school-47751,lga8cbd86ae9377
school-47752,lga242fb40d92ce
school-47753,lgaa9ec4359b5d6
school-47754,lga659897202954
school-47755,lgad7dd78a474c5
school-47756,lga6af8f571f4ac
school-47757,lgaec33a9b45493
school-47758,lga242fb40d92ce
school-47759,lga6af8f571f4ac
school-47760,lgaaeff9c47295f
school-47761,lgaaeff9c47295f
school-47762,lgaa9ec4359b5d6
school-47763,lgaa9ec4359b5d6
school-47764,lga12bb9336429b
school-47765,lga4d17dd509547
school-47766,lga59db913dcc12
school-47767,lga59db913dcc12
school-47768,lga59db913dcc12
school-47769,lga64a4ed31c67d
school-47770,lga59db913dcc12
school-47771,lga59db913dcc12
school-47772,lgad15a5a116e04
school-47773,lga3d0011c23da0
school-47774,lga59db913dcc12
school-47775,lga1be86b7b4de2
school-47776,lga59db913dcc12
school-47777,lga1be86b7b4de2
school-47778,lgad6bfe80090c5
school-47779,lgad6bfe80090c5
school-47782,lga59db913dcc12
school-47783,lgade4dc14dba85
school-47784,lga4200d998f24c
school-47785,lga02b077f6a936
school-47786,lgaf15ebed6de98
school-47787,lga59db913dcc12
school-47788,lga59db913dcc12
school-47789,lga59db913dcc12
school-47790,lga1be86b7b4de2
school-47791,lgae51387f515c9
school-47792,lgab79904b06b15
school-47793,lgaf45ca84fe363
school-47794,lga3ae8a31b9e30
school-47795,lga8fb7499d80c3
school-47796,lga3ae8a31b9e30
school-47797,lga3ae8a31b9e30
school-47798,lgaf45ca84fe363
school-47799,lga93f152136839
school-47800,lga1d7e7742dd9a
school-47801,lga3629c1181a86
school-47802,lga68f11a29b468
school-47803,lga6797770d0f66
school-47804,lga3ae8a31b9e30
school-47805,lga8fb7499d80c3
school-47806,lga8fb7499d80c3
school-47807,lga68f11a29b468
school-47808,lga8fb7499d80c3
school-47809,lga3ae8a31b9e30
school-47810,lgae51387f515c9
school-47811,lga68f11a29b468
school-47812,lga8fb7499d80c3
school-47813,lga8cbd86ae9377
school-47814,lga12bb9336429b
school-47815,lgae4cb9a1dd6df
school-47817,lga12bb9336429b
school-47818,lgaf33b3dd90e12
school-47819,lgacc9efa3d7182
school-47820,lgab89e443e1890
school-47821,lgae3c62fc70808
school-47822,lgab89e443e1890
school-47823,lgacc9efa3d7182
school-47824,lga0fa39d467066
school-47825,lga12bb9336429b
school-47826,lgae4cb9a1dd6df
school-47827,lga12bb9336429b
school-47828,lgacc9efa3d7182
school-47829,lgac2898d9aa6b6
school-47830,lgaf33b3dd90e12
school-47831,lga133d684be2c3
school-47832,lgae1728aa315f4
school-47833,lga2d4caabc619c
school-47834,lga2d4caabc619c
school-47835,lga6ddd68314b4a
school-47836,lga4d17dd509547
school-47837,lgae6614bd759c6
school-47838,lgae1728aa315f4
school-47839,lga2d4caabc619c
school-47840,lgae1728aa315f4
school-47841,lga65af96ce18eb
school-47842,lga2d4caabc619c
school-47843,lga2d4caabc619c
school-47844,lga2d4caabc619c
school-47845,lgae1728aa315f4
school-47846,lga65af96ce18eb
school-47847,lga2d4caabc619c
school-47848,lga4d17dd509547
school-47849,lgaf711db11e308
school-47851,lgaf711db11e308
school-47852,lga2myCy2EsI_Km
school-47853,lgaf711db11e308
school-47854,lgaf711db11e308
school-47855,lgaf711db11e308
school-47856,lgaf711db11e308
school-47857,lgaf711db11e308
school-47858,lgaf711db11e308
school-47859,lgaaeff9c47295f
school-47860,lgaaeff9c47295f
school-47861,lga59db913dcc12
school-47862,lgaf15ebed6de98
school-47863,lga59db913dcc12
school-47864,lgaf33b3dd90e12
school-47865,lga12bb9336429b
school-47866,lga2d4caabc619c
school-47867,lgaf711db11e308
school-47868,lgaf711db11e308
school-47869,lgaf711db11e308
school-47870,lgaf711db11e308
school-47871,lgaf711db11e308
school-47872,lgaf711db11e308
school-47873,lgaf711db11e308
school-47874,lgaf711db11e308
school-47875,lgaf711db11e308
school-47876,lgaf711db11e308
school-47877,lgaf711db11e308
school-47878,lgafd22606d6b20
school-47879,lgaf711db11e308
school-47880,lgad15a5a116e04
school-47881,lgafd22606d6b20
school-47882,lgaf711db11e308
school-47883,lgafd22606d6b20
school-47884,lgaf711db11e308
school-47885,lgaf711db11e308
school-47886,lgaf711db11e308
school-47887,lgaaeff9c47295f
school-47888,lgad15a5a116e04
school-47889,lgaaeff9c47295f
school-47890,lgaa9ec4359b5d6
school-47891,lga6af8f571f4ac
school-47892,lga242fb40d92ce
school-47893,lgaec33a9b45493
school-47894,lga4200d998f24c
school-47895,lga59db913dcc12
school-47896,lga4200d998f24c
school-47897,lgaf45ca84fe363
school-47898,lga59db913dcc12
school-47899,lga59db913dcc12
school-47900,lga68f11a29b468
school-47901,lga8fb7499d80c3
school-47902,lgaf45ca84fe363
school-47903,lga3ae8a31b9e30
school-47904,lga602768a2e8ea
school-47905,lgab79904b06b15
school-47906,lgab79904b06b15
school-47907,lgae4cb9a1dd6df
school-47908,lgab89e443e1890
school-47909,lga12bb9336429b
school-47910,lga9a3fb907d43d
school-47911,lga12bb9336429b
school-47912,lga2myCy2EsI_Km
school-47913,lga12bb9336429b
school-47914,lgaf33b3dd90e12
school-47915,lga8fb7499d80c3
school-47916,lga8fb7499d80c3
school-47917,lgae1728aa315f4
school-47918,lga65af96ce18eb
school-47919,lga2d4caabc619c
school-47920,lga2d4caabc619c
school-47921,lgaa9ec4359b5d6
school-47922,lgaaeff9c47295f
school-47923,lga42379c2c72f3
school-47924,lga42379c2c72f3
school-47925,lga2myCy2EsI_Km
school-47926,lga42379c2c72f3
school-47927,lga2myCy2EsI_Km
school-47928,lga9a3fb907d43d
school-47929,lga12bb9336429b
school-47930,lga2myCy2EsI_Km
school-47931,lga42379c2c72f3
school-47932,lgab79904b06b15
school-47933,lga2d4caabc619c
school-47934,lgae4cb9a1dd6df
school-47935,lga8fb7499d80c3
school-47936,lga6af8f571f4ac
school-47937,lga659897202954
school-47938,lgaf711db11e308
school-47939,lgaa9ec4359b5d6
school-47940,lgaaeff9c47295f
school-47941,lgaa9ec4359b5d6
school-47943,lga68f11a29b468
school-47944,lgacc9efa3d7182
school-47946,lgaaeff9c47295f
school-47947,lga42379c2c72f3
school-47948,lgaa9ec4359b5d6
school-47949,lgaf45ca84fe363
school-47950,lgaaeff9c47295f
school-47951,lga59db913dcc12
school-47952,lga2myCy2EsI_Km
school-47953,lga2myCy2EsI_Km
school-47954,lgaaeff9c47295f
school-47956,lgad15a5a116e04
school-47957,lgaf711db11e308
school-47958,lgad7dd78a474c5
school-47959,lgaf711db11e308
school-47960,lgad15a5a116e04
school-47961,lgaa9ec4359b5d6
school-47962,lgae51387f515c9
school-47963,lgad15a5a116e04
school-47964,lgaa9ec4359b5d6
school-47965,lga2myCy2EsI_Km
school-47966,lgaa9ec4359b5d6
school-47967,lga6af8f571f4ac
school-47968,lgaaeff9c47295f
school-47969,lga4d17dd509547
school-47970,lgaf711db11e308
school-47972,lga6af8f571f4ac
school-47973,lgaa9ec4359b5d6
school-47974,lga59db913dcc12
school-47976,lgaaeff9c47295f
school-47977,lgaaeff9c47295f
school-47978,lgafd22606d6b20
school-47979,lgaf711db11e308
school-47980,lgaa9ec4359b5d6
school-47981,lga12bb9336429b
school-47982,lga2d4caabc619c
school-47983,lgaf711db11e308
school-47984,lga2myCy2EsI_Km
school-47985,lgaa9ec4359b5d6
school-47986,lga9a3fb907d43d
school-47987,lga6af8f571f4ac
school-47988,lga42379c2c72f3
school-47989,lgaf711db11e308
school-47990,lga2myCy2EsI_Km
school-47991,lgaa9ec4359b5d6
school-47993,lgaf711db11e308
school-47994,lga59db913dcc12
school-47995,lgad15a5a116e04
school-47996,lgaf711db11e308
school-47997,lga2d4caabc619c
school-47998,lgaf711db11e308
school-47999,lgaf711db11e308
school-48000,lgaf711db11e308
school-48001,lgab93ffe27bc7d
school-48002,lgaaeff9c47295f
school-48003,lgaaeff9c47295f
school-48004,lga12bb9336429b
school-48005,lgaa9ec4359b5d6
school-48006,lgafd22606d6b20
school-48007,lgaaeff9c47295f
school-48008,lga68f11a29b468
school-48009,lgaf711db11e308
school-48010,lga59db913dcc12
school-48011,lgaf711db11e308
school-48012,lgaf711db11e308
school-48013,lga659897202954
school-48014,lgaf711db11e308
school-48015,lga59db913dcc12
school-48016,lga2myCy2EsI_Km
school-48017,lgaaeff9c47295f
school-48018,lgafd22606d6b20
school-48019,lga59db913dcc12
school-48020,lga68f11a29b468
school-48021,lga2d4caabc619c
school-48022,lga12bb9336429b
school-48023,lga3ae8a31b9e30
school-48024,lgad15a5a116e04
school-48025,lgaf711db11e308
school-48026,lga59db913dcc12
school-48027,lgaa9ec4359b5d6
school-48028,lgaa9ec4359b5d6
school-48029,lga4200d998f24c
school-48030,lgaf711db11e308
school-48031,lga8fb7499d80c3
school-48032,lga12bb9336429b
school-48033,lgaf711db11e308
school-48034,lgaf711db11e308
school-48035,lgafd22606d6b20
school-48036,lgafd22606d6b20
school-48037,lga59db913dcc12
school-48038,lga8fb7499d80c3
school-48039,lga9a3fb907d43d
school-48040,lga3830f4b3c48b
school-48041,lga59db913dcc12
school-48042,lgaa9ec4359b5d6
school-48043,lgad15a5a116e04
school-48044,lga12bb9336429b
school-48045,lgaf711db11e308
school-48046,lga4200d998f24c
school-48047,lgaaeff9c47295f
school-48048,lga12bb9336429b
school-48049,lga2myCy2EsI_Km
school-48050,lgaf45ca84fe363
school-48051,lgaf711db11e308
school-48052,lga6af8f571f4ac
school-48053,lgafd22606d6b20
school-48054,lga59db913dcc12
school-48055,lgaaeff9c47295f
school-48056,lga1be86b7b4de2
school-48057,lgaa9ec4359b5d6
school-48058,lgaf711db11e308
school-48059,lgaf711db11e308
school-48060,lgad15a5a116e04
school-48061,lga2myCy2EsI_Km
school-48062,lga2myCy2EsI_Km
school-48063,lgaaeff9c47295f
school-48064,lga8fb7499d80c3
school-48067,lga6af8f571f4ac
school-48068,lga59db913dcc12
school-48069,lga59db913dcc12
school-48070,lgafd22606d6b20
school-48071,lga2myCy2EsI_Km
school-48072,lgafd22606d6b20
school-48073,lgad7dd78a474c5
school-48074,lga42379c2c72f3
school-48075,lga1d7e7742dd9a
school-48076,lga68f11a29b468
school-48077,lgaf711db11e308
school-48078,lgaf711db11e308
school-48079,lga2myCy2EsI_Km
school-48080,lga242fb40d92ce
school-48081,lgaaeff9c47295f
school-48082,lga2d4caabc619c
school-48083,lga2myCy2EsI_Km
school-48084,lgaf711db11e308
school-48085,lgaf711db11e308
school-48086,lga1be86b7b4de2
school-48087,lga2myCy2EsI_Km
school-48088,lga42379c2c72f3
school-48089,lgaf711db11e308
school-48090,lgad15a5a116e04
school-48091,lgab93ffe27bc7d
school-48092,lga42379c2c72f3
school-48093,lgaaeff9c47295f
school-48094,lgaaeff9c47295f
school-48095,lga2myCy2EsI_Km
school-48096,lgaaeff9c47295f
school-48097,lgaec33a9b45493
school-48098,lgaf711db11e308
school-48099,lga59db913dcc12
school-48100,lgaa9ec4359b5d6
school-48101,lgaec33a9b45493
school-48102,lgaf711db11e308
school-48103,lgab89e443e1890
school-48104,lga65af96ce18eb
school-48105,lgaf711db11e308
school-48106,lga12bb9336429b
school-48107,lgaa9ec4359b5d6
school-48108,lga2d4caabc619c
school-48109,lga3ae8a31b9e30
school-48110,lga3ae8a31b9e30
school-48111,lga2d4caabc619c
school-48112,lga17db7019f3af
school-48113,lga8fb7499d80c3
school-48115,lga2myCy2EsI_Km
school-48116,lga379ed169b677
school-48117,lga0ea91c482c93
school-48118,lga946039bb144d
school-48119,lga86925da5ab9b
school-48120,lgab3eac047a70e
school-48121,lgae7e328edc533
school-48122,lga66fa01403049
school-48123,lgaef496d06ef50
school-48124,lga0dd57caaec14
school-48125,lga86925da5ab9b
school-48126,lga0d85d3fddb5e
school-48127,lga0a82ff04fef4
school-48128,lgad2283997d8bb
school-48129,lgae7983979ea71
school-48131,lga3eb9e8612da7
school-48132,lga511d862349e9
school-48133,lga7d1ac9e6f9f2
school-48134,lga3eb9e8612da7
school-48135,lga0ccb0029de1f
school-48136,lga973150bcdd61
school-48137,lgadfe21f7497cb
school-48138,lga579e63cc4329
school-48139,lga82fa96c43da5
school-48140,lga414bd8064616
school-48141,lga0ea91c482c93
school-48143,lga86925da5ab9b
school-48144,lga86925da5ab9b
school-48145,lga8e9c9fb4128c
school-48146,lga66fa01403049
school-48147,lgabbf72d87e377
school-48148,lgab855ea38a0b7
school-48149,lgaf2d2ad956e56
school-48151,lga0ea91c482c93
school-48152,lga0d30a54abcf0
school-48153,lga86925da5ab9b
school-48154,lga3eb9e8612da7
school-48155,lga3720a59ebb88
school-48156,lga86d3c596961b
school-48157,lga4559e6ef11e9
school-48158,lga5bf1a288038c
school-48159,lga12712c7fbac0
school-48160,lga86925da5ab9b
school-48161,lga946039bb144d
school-48162,lga61e1c98d8152
school-48163,lga7ef478296601
school-48164,lga6865b59a3293
school-48165,lgabc34c259f2c1
school-48166,lga3cd9f2694391
school-48167,lgaf831d9214a70
school-48168,lgae7983979ea71
school-48169,lga92518f75c64f
school-48170,lga8e67f5c3f7bd
school-48171,lgacd1b80b93aa1
school-48172,lga20b55ec935eb
school-48173,lgadf64019486fb
school-48174,lgaf98fbb5e40bf
school-48175,lga5b94fd0071aa
school-48176,lga785cef594375
school-48177,lgad2776e3c6795
school-48178,lgaf72648a14c99
school-48179,lga12769e4db461
school-48180,lgaedf9a6d63236
school-48181,lga39c4dd524dac
school-48182,lgab5f23977018c
school-48183,lga7cebf871e252
school-48184,lga2f8a5155a29b
school-48185,lgae6f7bd562b36
school-48186,lga18c31571e0c9
school-48187,lga1d9cab11a368
school-48188,lgaf1f600985d14
school-48189,lgab5874eb131f0
school-48190,lga86b2ee730455
school-48191,lga04147236faf8
school-48192,lga82fa96c43da5
school-48193,lga82fa96c43da5
school-48194,lgae116c39ea091
school-48195,lgaa8d0362bfeb5
school-48196,lgaa7c2ec1d9c04
school-48197,lga229c15cd02b0
school-48198,lgaf1c1a3032608
school-48199,lga3729a80b26bc
school-48200,lgad09f758e295e
school-48201,lgaaca4bfef4828
school-48202,lgabe5c786d119f
school-48203,lgae219685f904a
school-48204,lgaf1c36d3484fb
school-48205,lga68ed6b749934
school-48206,lgaf727f4e6c55a
school-48207,lgae7983979ea71
school-48208,lgaf74ff9036145
school-48209,lgaa7208507e0f1
school-48210,lga0ccb0029de1f
school-48211,lga0a82ff04fef4
school-48212,lga5bf1a288038c
school-48213,lgabaf7923db3cd
school-48214,lgae219685f904a
school-48215,lga68ed6b749934
school-48216,lgaf74ff9036145
school-48217,lga5bf1a288038c
school-48218,lga4559e6ef11e9
school-48219,lgabaf7923db3cd
school-48221,lgad47340f34cec
school-48222,lga946039bb144d
school-48223,lga0ccb0029de1f
school-48224,lgabaf7923db3cd
school-48225,lga11d20fddfb64
school-48227,lga379ed169b677
school-48229,lgabaf7923db3cd
school-48230,lga11926c8a5e34
school-48231,lgaa12d016cf1b8
school-48232,lga0ea91c482c93
school-48233,lgabaf7923db3cd
school-48234,lgabd9af5aa0252
school-48235,lga511d862349e9
school-48237,lgacb39af3c4099
school-48238,lgaf98fbb5e40bf
school-48239,lga1542e1fe6ca8
school-48240,lga73b63f4a19bf
school-48241,lga68fdd0066f94
school-48242,lgabaf7923db3cd
school-48243,lga29c58e930f89
school-48244,lgaVgu0GvW1EC5u
school-48245,lgae7983979ea71
school-48246,lga4559e6ef11e9
school-48247,lga68ed6b749934
school-48248,lga38ed4e0442db
school-48249,lgacb39af3c4099
school-48250,lgad293701a4487
school-48251,lgaf74ff9036145
school-48252,lgabaf7923db3cd
school-48253,lga04147236faf8
school-48254,lga5bf1a288038c
school-48255,lga4559e6ef11e9
school-48256,lgae7983979ea71
school-48257,lgaef496d06ef50
school-48258,lga68ed6b749934
school-48259,lgacfca57f84e65
school-48260,lga1542e1fe6ca8
school-48261,lga4f3ca10078b8
school-48262,lgad0d34812905f
school-48263,lga1d9cab11a368
school-48264,lga66fa01403049
school-48265,lga379ed169b677
school-48266,lga0d85d3fddb5e
school-48267,lga1d9cab11a368
school-48268,lga0d85d3fddb5e
school-48269,lga7d1ac9e6f9f2
school-48270,lga0ea91c482c93
school-48271,lga0ea91c482c93
school-48272,lga946039bb144d
school-48273,lga249121dcca41
school-48274,lga0ea91c482c93
school-48275,lga414bd8064616
school-48276,lgabbf72d87e377
school-48277,lgaf831d9214a70
school-48278,lga29c58e930f89
school-48279,lgabbf72d87e377
school-48280,lga86925da5ab9b
school-48281,lga4559e6ef11e9
school-48282,lga86925da5ab9b
school-48283,lga5b94fd0071aa
school-48285,lga249121dcca41
school-48286,lga3eb9e8612da7
school-48287,lga1d9cab11a368
school-48288,lgaadaba7b8188b
school-48290,lgab3eac047a70e
school-48291,lgab3eac047a70e
school-48292,lgaadaba7b8188b
school-48293,lgaf74ff9036145
school-48294,lga0ea91c482c93
school-48295,lga4bbd09ca7a5d
school-48296,lga04147236faf8
school-48297,lga1d9cab11a368
school-48298,lga2e80b58b5711
school-48299,lga0ea91c482c93
school-48300,lgaf72648a14c99
school-48301,lga4f3ca10078b8
school-48302,lgacfca57f84e65
school-48303,lga12769e4db461
school-48304,lga0ea91c482c93
school-48305,lgae7e328edc533
school-48306,lgae6d2505d0848
school-48307,lga511d862349e9
school-48308,lga66fa01403049
school-48309,lga66fa01403049
school-48310,lga66fa01403049
school-48312,lga38ed4e0442db
school-48313,lgaef496d06ef50
school-48314,lgaef496d06ef50
school-48315,lga45bb210e889f
school-48316,lgaaca4bfef4828
school-48317,lga2e80b58b5711
school-48318,lga579e63cc4329
school-48319,lga5bf1a288038c
school-48320,lgacfca57f84e65
school-48321,lga66fa01403049
school-48322,lgab3eac047a70e
school-48324,lgad2283997d8bb
school-48325,lgae7983979ea71
school-48326,lga7e5fbd01677a
school-48327,lgaf98fbb5e40bf
school-48328,lga0a82ff04fef4
school-48329,lgaf98fbb5e40bf
school-48330,lga86925da5ab9b
school-48331,lgab9a0794b42cb
school-48332,lga19a8033e8309
school-48334,lga0d30a54abcf0
school-48335,lga0d30a54abcf0
school-48336,lgad2283997d8bb
school-48337,lga1542e1fe6ca8
school-48338,lga1542e1fe6ca8
school-48339,lga86925da5ab9b
school-48340,lgaf727f4e6c55a
school-48341,lga8395a0fe7d78
school-48342,lgad72a1f990ff7
school-48343,lga5eef542268b3
school-48344,lga414bd8064616
school-48345,lgade6ace77b38e
school-48346,lgaf541e02329a3
school-48348,lgad293701a4487
school-48349,lga12712c7fbac0
school-48350,lgaf2d2ad956e56
school-48351,lga29c58e930f89
school-48352,lga38ed4e0442db
school-48353,lga0a82ff04fef4
school-48354,lga86925da5ab9b
school-48355,lga86925da5ab9b
school-48356,lga86925da5ab9b
school-48357,lgaef496d06ef50
school-48358,lgaf2d2ad956e56
school-48359,lga38ed4e0442db
school-48360,lga249121dcca41
school-48361,lga3eb9e8612da7
school-48362,lga92518f75c64f
school-48363,lgad2283997d8bb
school-48364,lga0d85d3fddb5e
school-48365,lgab3eac047a70e
school-48366,lga86925da5ab9b
school-48367,lgab9a0794b42cb
school-48368,lga0ccb0029de1f
school-48369,lgade6ace77b38e
school-48370,lga7d1ac9e6f9f2
school-48371,lga7d1ac9e6f9f2
school-48372,lga12769e4db461
school-48373,lga20701c94989d
school-48374,lgab9a0794b42cb
school-48375,lga1d9cab11a368
school-48376,lga0a82ff04fef4
school-48377,lgaf98fbb5e40bf
school-48378,lga5bf1a288038c
school-48380,lgad293701a4487
school-48381,lgae7e328edc533
school-48382,lga0a82ff04fef4
school-48383,lgae7983979ea71
school-48384,lga86925da5ab9b
school-48385,lga1542e1fe6ca8
school-48386,lga3eb9e8612da7
school-48387,lga511d862349e9
school-48388,lga0a82ff04fef4
school-48389,lgae7983979ea71
school-48390,lga11926c8a5e34
school-48391,lga0ccb0029de1f
school-48392,lga3eb9e8612da7
school-48393,lga7d1ac9e6f9f2
school-48394,lgad293701a4487
school-48395,lga24d28a4c70da
school-48396,lga86925da5ab9b
school-48397,lga86925da5ab9b
school-48398,lga1542e1fe6ca8
school-48399,lga45bb210e889f
school-48400,lgaa8d0362bfeb5
school-48401,lgaa7208507e0f1
school-48402,lgab855ea38a0b7
school-48403,lga0ccb0029de1f
school-48404,lga20b55ec935eb
school-48405,lga4f3ca10078b8
school-48406,lga4f3ca10078b8
school-48407,lga4f3ca10078b8
school-48408,lga4f3ca10078b8
school-48409,lgae219685f904a
school-48410,lga414bd8064616
school-48411,lga86925da5ab9b
school-48412,lga973150bcdd61
school-48413,lga946039bb144d
school-48414,lgad0d34812905f
school-48415,lga0d30a54abcf0
school-48416,lgab3eac047a70e
school-48417,lga5b94fd0071aa
school-48418,lga24d28a4c70da
school-48419,lga0d30a54abcf0
school-48420,lgaa32a5ebfe1fe
school-48421,lgaa87e70f3e5ad
school-48422,lga11926c8a5e34
school-48423,lga3cd9f2694391
school-48424,lga86925da5ab9b
school-48425,lga7cebf871e252
school-48426,lga11d20fddfb64
school-48428,lgadfe21f7497cb
school-48429,lga0cc4ddc4db86
school-48430,lgab9a0794b42cb
school-48431,lga0ccb0029de1f
school-48432,lga5bf1a288038c
school-48433,lga0ccb0029de1f
school-48434,lgacb39af3c4099
school-48435,lga82fa96c43da5
school-48436,lga0d30a54abcf0
school-48437,lgaa7208507e0f1
school-48438,lga414bd8064616
school-48439,lgabaf7923db3cd
school-48440,lgacd1b80b93aa1
school-48441,lga579e63cc4329
school-48442,lga0ea91c482c93
school-48443,lga316abd31014a
school-48446,lgae7983979ea71
school-48447,lgae7983979ea71
school-48448,lga3720a59ebb88
school-48449,lgadfe21f7497cb
school-48450,lgab6cdd8758fd2
school-48451,lga86925da5ab9b
school-48452,lga3720a59ebb88
school-48453,lgaa7c2ec1d9c04
school-48454,lga3eb9e8612da7
school-48455,lga58f09d37a397
school-48456,lga11926c8a5e34
school-48457,lga0a82ff04fef4
school-48458,lga86925da5ab9b
school-48459,lga379ed169b677
school-48460,lga379ed169b677
school-48461,lga0cc4ddc4db86
school-48462,lga0ea91c482c93
school-48463,lga0a82ff04fef4
school-48464,lga45bb210e889f
school-48465,lgaa8d0362bfeb5
school-48466,lga8e9c9fb4128c
school-48467,lga8e9c9fb4128c
school-48468,lgad293701a4487
school-48469,lga7cebf871e252
school-48470,lga86925da5ab9b
school-48471,lgabbf72d87e377
school-48472,lgabbf72d87e377
school-48473,lgaa7208507e0f1
school-48474,lga3aa95fb2719e
school-48475,lga7750939566b3
school-48476,lgaf72648a14c99
school-48477,lga229c15cd02b0
school-48478,lga5bf1a288038c
school-48479,lga86925da5ab9b
school-48480,lga0ea91c482c93
school-48481,lga0a82ff04fef4
school-48482,lga9e25595be1a8
school-48483,lga11926c8a5e34
school-48484,lga0d30a54abcf0
school-48485,lga0ccb0029de1f
school-48486,lga66fa01403049
school-48487,lga7750939566b3
school-48488,lgaf2d2ad956e56
school-48489,lga86d3c596961b
school-48490,lgaf74ff9036145
school-48491,lga1d9cab11a368
school-48492,lgab3eac047a70e
school-48493,lga308d7945e467
school-48494,lgaf74ff9036145
school-48495,lga4559e6ef11e9
school-48496,lga12712c7fbac0
school-48498,lgab855ea38a0b7
school-48499,lgaf74ff9036145
school-48500,lga4559e6ef11e9
school-48501,lgad2283997d8bb
school-48502,lga0a82ff04fef4
school-48503,lga86925da5ab9b
school-48504,lga86925da5ab9b
school-48505,lga86925da5ab9b
school-48506,lga45bb210e889f
school-48507,lgac92c57e776fe
school-48508,lga7d1ac9e6f9f2
school-48509,lga1542e1fe6ca8
school-48510,lga379ed169b677
school-48511,lgad0d34812905f
school-48512,lgab855ea38a0b7
school-48513,lga19a8033e8309
school-48514,lgae7983979ea71
school-48515,lgae7983979ea71
school-48516,lga0a82ff04fef4
school-48517,lgae6d2505d0848
school-48518,lga64168a04fcd8
school-48519,lga5bf1a288038c
school-48520,lga6e99a82a691c
school-48522,lgab3eac047a70e
school-48523,lga08f63037e77f
school-48524,lga86925da5ab9b
school-48525,lgaef496d06ef50
school-48526,lgadfe21f7497cb
school-48527,lgadfe21f7497cb
school-48528,lga1d9cab11a368
school-48529,lga82fa96c43da5
school-48530,lgab9a0794b42cb
school-48531,lgab538acf519fc
school-48532,lga68ed6b749934
school-48533,lga3720a59ebb88
school-48534,lga0ccb0029de1f
school-48535,lga379ed169b677
school-48536,lga86925da5ab9b
school-48537,lgab9a0794b42cb
school-48538,lga86925da5ab9b
school-48540,lga7d1ac9e6f9f2
school-48541,lga9cccb412b663
school-48542,lgaf74ff9036145
school-48543,lga0d85d3fddb5e
school-48544,lgaeaf55424353d
school-48545,lga85e7a7e7f119
school-48546,lga86925da5ab9b
school-48547,lga0a82ff04fef4
school-48548,lga37ea0bcfd2c0
school-48549,lga511d862349e9
school-48550,lga9cccb412b663
school-48551,lga2e80b58b5711
school-48552,lga86925da5ab9b
school-48553,lga7e5fbd01677a
school-48554,lga86925da5ab9b
school-48556,lgaf727f4e6c55a
school-48557,lgaa7208507e0f1
school-48558,lga946039bb144d
school-48559,lga86925da5ab9b
school-48560,lga4559e6ef11e9
school-48561,lga249121dcca41
school-48562,lga579e63cc4329
school-48563,lgac92c57e776fe
school-48564,lga946039bb144d
school-48565,lga86925da5ab9b
school-48566,lga0ea91c482c93
school-48567,lga5bf1a288038c
school-48568,lga86925da5ab9b
school-48569,lgabaf7923db3cd
school-48570,lga5bf1a288038c
school-48571,lga0ccb0029de1f
school-48572,lga3eb9e8612da7
school-48573,lgaf74ff9036145
school-48574,lga379ed169b677
school-48575,lgad2283997d8bb
school-48576,lga946039bb144d
school-48577,lga3eb9e8612da7
school-48578,lga86925da5ab9b
school-48579,lga12712c7fbac0
school-48580,lgae7983979ea71
school-48581,lga82fa96c43da5
school-48582,lga579e63cc4329
school-48583,lga8395a0fe7d78
school-48584,lgaf74ff9036145
school-48585,lga229c15cd02b0
school-48586,lga12712c7fbac0
school-48587,lgaf2d2ad956e56
school-48588,lga229c15cd02b0
school-48589,lga946039bb144d
school-48590,lga0ccb0029de1f
school-48591,lgad2283997d8bb
school-48592,lga86d3c596961b
school-48593,lga5bf1a288038c
school-48594,lga229c15cd02b0
school-48595,lgabaf7923db3cd
school-48596,lga29c58e930f89
school-48597,lgabaf7923db3cd
school-48598,lga4559e6ef11e9
school-48599,lgabaf7923db3cd
school-48600,lgabaf7923db3cd
school-48601,lga946039bb144d
school-48602,lga1542e1fe6ca8
school-48603,lga5bf1a288038c
school-48604,lgad2283997d8bb
school-48605,lga4559e6ef11e9
school-48606,lga0ea91c482c93
school-48607,lgabaf7923db3cd
school-48608,lga68ed6b749934
school-48609,lga68ed6b749934
school-48610,lgaf74ff9036145
school-48611,lga86d3c596961b
school-48612,lgaf74ff9036145
school-48613,lga3cd9f2694391
school-48614,lga5bf1a288038c
school-48615,lgacb39af3c4099
school-48616,lga1542e1fe6ca8
school-48617,lga5bf1a288038c
school-48618,lgaf74ff9036145
school-48619,lga68ed6b749934
school-48620,lgaa7208507e0f1
school-48621,lga86d3c596961b
school-48622,lga0ea91c482c93
school-48623,lga5bf1a288038c
school-48624,lga86925da5ab9b
school-48625,lgabaf7923db3cd
school-48626,lga66fa01403049
school-48627,lga0ccb0029de1f
school-48628,lga73b63f4a19bf
school-48629,lga86925da5ab9b
school-48630,lga4559e6ef11e9
school-48631,lga379ed169b677
school-48632,lga1d9cab11a368
school-48633,lgabaf7923db3cd
school-48634,lga12712c7fbac0
school-48635,lga229c15cd02b0
school-48636,lga946039bb144d
school-48637,lgabaf7923db3cd
school-48638,lga946039bb144d
school-48639,lgaf74ff9036145
school-48641,lga0ea91c482c93
school-48642,lga0ccb0029de1f
school-48643,lga946039bb144d
school-48644,lga5bf1a288038c
school-48645,lga1d9cab11a368
school-48646,lgae7983979ea71
school-48647,lga86925da5ab9b
school-48648,lga511d862349e9
school-48649,lgabaf7923db3cd
school-48650,lgabaf7923db3cd
school-48651,lga5bf1a288038c
school-48652,lga3eb9e8612da7
school-48653,lgabaf7923db3cd
school-48654,lga68ed6b749934
school-48655,lga973150bcdd61
school-48656,lgabaf7923db3cd
school-48657,lga1542e1fe6ca8
school-48658,lga86d3c596961b
school-48659,lga0ccb0029de1f
school-48660,lgae7983979ea71
school-48661,lgacb39af3c4099
school-48662,lga12712c7fbac0
school-48663,lgabaf7923db3cd
school-48664,lgabaf7923db3cd
school-48665,lga0ea91c482c93
school-48667,lgacb39af3c4099
school-48668,lga1542e1fe6ca8
school-48669,lgabaf7923db3cd
school-48670,lgaf74ff9036145
school-48671,lgae219685f904a
school-48672,lgaf98fbb5e40bf
school-48673,lga1542e1fe6ca8
school-48674,lgabaf7923db3cd
school-48675,lga5bf1a288038c
school-48676,lgabaf7923db3cd
school-48677,lgabaf7923db3cd
school-48678,lga7d1ac9e6f9f2
school-48679,lga1542e1fe6ca8
school-48680,lga4559e6ef11e9
school-48681,lga0ea91c482c93
school-48682,lgabaf7923db3cd
school-48683,lgabaf7923db3cd
school-48684,lga1542e1fe6ca8
school-48685,lga68ed6b749934
school-48686,lga5bf1a288038c
school-48687,lgabaf7923db3cd
school-48688,lga12712c7fbac0
school-48689,lgae219685f904a
school-48690,lga511d862349e9
school-48691,lga68ed6b749934
school-48692,lga86925da5ab9b
school-48693,lgabaf7923db3cd
school-48694,lgae7983979ea71
school-48695,lga0ccb0029de1f
school-48696,lgabaf7923db3cd
school-48697,lga0ea91c482c93
school-48698,lgae7983979ea71
school-48699,lgabaf7923db3cd
school-48700,lga3cd9f2694391
school-48701,lgacb39af3c4099
school-48702,lgabaf7923db3cd
school-48703,lgacb39af3c4099
school-48704,lga0ea91c482c93
school-48705,lga661866266e0d
school-48706,lgabbf72d87e377
school-48707,lga3cd9f2694391
school-48708,lga71e2fd0d5791
school-48709,lgaf98fbb5e40bf
school-48710,lga20701c94989d
school-48711,lgabaf7923db3cd
school-48712,lga86925da5ab9b
school-48713,lga4559e6ef11e9
school-48714,lgabaf7923db3cd
school-48715,lgae7983979ea71
school-48716,lgaf98fbb5e40bf
school-48717,lga579e63cc4329
school-48718,lgae7983979ea71
school-48719,lga4f3ca10078b8
school-48720,lga511d862349e9
school-48721,lga946039bb144d
school-48722,lga45bb210e889f
school-48723,lga68ed6b749934
school-48724,lgabaf7923db3cd
school-48725,lga4559e6ef11e9
school-48726,lgae7983979ea71
school-48727,lgaf74ff9036145
school-48728,lga4559e6ef11e9
school-48729,lgacb39af3c4099
school-48730,lgacb39af3c4099
school-48731,lga68ed6b749934
school-48732,lgabaf7923db3cd
school-48733,lga4559e6ef11e9
school-48734,lga4f3ca10078b8
school-48735,lgae7983979ea71
school-48736,lga4559e6ef11e9
school-48737,lga68ed6b749934
school-48738,lga68ed6b749934
school-48739,lga1542e1fe6ca8
school-48740,lgabaf7923db3cd
school-48741,lga379ed169b677
school-48742,lga66fa01403049
school-48743,lga4559e6ef11e9
school-48744,lga68ed6b749934
school-48745,lgaf74ff9036145
school-48746,lga1542e1fe6ca8
school-48747,lga68ed6b749934
school-48748,lgadf64019486fb
school-48749,lga38ed4e0442db
school-48750,lgacb39af3c4099
school-48751,lga68ed6b749934
school-48752,lga3cd9f2694391
school-48753,lgaa87e70f3e5ad
school-48754,lgae7983979ea71
school-48755,lgaef496d06ef50
school-48756,lga5bf1a288038c
school-48757,lga4559e6ef11e9
school-48758,lga4559e6ef11e9
school-48759,lga68ed6b749934
school-48760,lga68ed6b749934
school-48761,lga436a539def23
school-48762,lga1542e1fe6ca8
school-48763,lga68ed6b749934
school-48764,lga2f8a5155a29b
school-48765,lgaf98fbb5e40bf
school-48766,lga5bf1a288038c
school-48767,lga1542e1fe6ca8
school-48768,lgae7983979ea71
school-48769,lga0a82ff04fef4
school-48770,lga0ea91c482c93
school-48771,lga3eb9e8612da7
school-48772,lga4559e6ef11e9
school-48773,lga68ed6b749934
school-48774,lgaa8d0362bfeb5
school-48775,lga579e63cc4329
school-48776,lga5bf1a288038c
school-48777,lga68ed6b749934
school-48778,lga68ed6b749934
school-48779,lgabfdb0e6e58eb
school-48780,lga4559e6ef11e9
school-48781,lgae7983979ea71
school-48782,lga68ed6b749934
school-48783,lgacb39af3c4099
school-48784,lga5bf1a288038c
school-48786,lga68ed6b749934
school-48787,lga68ed6b749934
school-48788,lga1542e1fe6ca8
school-48789,lga316abd31014a
school-48790,lga68ed6b749934
school-48791,lgabaf7923db3cd
school-48792,lgabaf7923db3cd
school-48793,lga68ed6b749934
school-48794,lga0dd57caaec14
school-48795,lga4f3ca10078b8
school-48796,lgaf98fbb5e40bf
school-48797,lga1d9cab11a368
school-48798,lga86d3c596961b
school-48799,lga66fa01403049
school-48800,lga1d9cab11a368
school-48801,lga86925da5ab9b
school-48802,lga0d30a54abcf0
school-48803,lga82fa96c43da5
school-48804,lgadfe21f7497cb
school-48805,lga58f09d37a397
school-48806,lga3eb9e8612da7
school-48807,lgaf74ff9036145
school-48808,lga68ed6b749934
school-48809,lga5bf1a288038c
school-48810,lga4559e6ef11e9
school-48811,lga86d3c596961b
school-48813,lga0ea91c482c93
school-48814,lgabbf72d87e377
school-48815,lga86925da5ab9b
school-48816,lga1542e1fe6ca8
school-48817,lgab3eac047a70e
school-48818,lga946039bb144d
school-48819,lga0ccb0029de1f
school-48820,lga5bf1a288038c
school-48821,lga68ed6b749934
school-48822,lgabaf7923db3cd
school-48823,lgabaf7923db3cd
school-48824,lga4559e6ef11e9
school-48825,lga5bf1a288038c
school-48826,lgab3eac047a70e
school-48827,lgadfe21f7497cb
school-48828,lga86925da5ab9b
school-48829,lga11926c8a5e34
school-48830,lga66fa01403049
school-48831,lga946039bb144d
school-48832,lga4f3ca10078b8
school-48833,lga579e63cc4329
school-48834,lgacb39af3c4099
school-48835,lgaf74ff9036145
school-48836,lgabaf7923db3cd
school-48837,lga379ed169b677
school-48838,lga66fa01403049
school-48839,lga0ea91c482c93
school-48840,lga4559e6ef11e9
school-48841,lgaf74ff9036145
school-48842,lgae7983979ea71
school-48843,lgabaf7923db3cd
school-48844,lga68ed6b749934
school-48845,lgacb39af3c4099
school-48846,lga4f3ca10078b8
school-48847,lga4559e6ef11e9
school-48848,lgad2283997d8bb
school-48849,lga4559e6ef11e9
school-48850,lga0ccb0029de1f
school-48851,lga379ed169b677
school-48852,lga4559e6ef11e9
school-48853,lgacb39af3c4099
school-48854,lga4559e6ef11e9
school-48855,lgad293701a4487
school-48856,lgaef496d06ef50
school-48857,lgaf74ff9036145
school-48858,lgabaf7923db3cd
school-48859,lgabaf7923db3cd
school-48860,lga379ed169b677
school-48861,lga0ea91c482c93
school-48862,lga946039bb144d
school-48863,lga0ea91c482c93
school-48864,lga86925da5ab9b
school-48865,lga86925da5ab9b
school-48866,lga249121dcca41
school-48867,lga3eb9e8612da7
school-48868,lga7d1ac9e6f9f2
school-48869,lga3cd9f2694391
school-48870,lgaf74ff9036145
school-48871,lga4bbd09ca7a5d
school-48872,lga1d9cab11a368
school-48873,lga4f3ca10078b8
school-48874,lga6865b59a3293
school-48875,lgae7e328edc533
school-48876,lga511d862349e9
school-48877,lga66fa01403049
school-48878,lga66fa01403049
school-48880,lga0dd57caaec14
school-48881,lgab9a0794b42cb
school-48882,lga19a8033e8309
school-48883,lga0d30a54abcf0
school-48885,lga0d85d3fddb5e
school-48886,lga0d30a54abcf0
school-48887,lga38ed4e0442db
school-48888,lgaf98fbb5e40bf
school-48889,lga86925da5ab9b
school-48890,lga5b94fd0071aa
school-48891,lga86925da5ab9b
school-48892,lga7d1ac9e6f9f2
school-48893,lga7d1ac9e6f9f2
school-48894,lga1d9cab11a368
school-48895,lga71e2fd0d5791
school-48896,lga0ccb0029de1f
school-48897,lga5bf1a288038c
school-48898,lga511d862349e9
school-48899,lga11926c8a5e34
school-48900,lga7d1ac9e6f9f2
school-48901,lga86925da5ab9b
school-48902,lga3eb9e8612da7
school-48903,lga86925da5ab9b
school-48904,lga86925da5ab9b
school-48905,lga4f3ca10078b8
school-48906,lga86925da5ab9b
school-48907,lga973150bcdd61
school-48908,lga39c4dd524dac
school-48909,lgae219685f904a
school-48910,lgadfe21f7497cb
school-48911,lga11926c8a5e34
school-48912,lga0ccb0029de1f
school-48913,lga0ccb0029de1f
school-48914,lga3cd9f2694391
school-48915,lga82fa96c43da5
school-48916,lga0d30a54abcf0
school-48917,lgabaf7923db3cd
school-48918,lga579e63cc4329
school-48919,lga82cb34cd75f9
school-48920,lgae7983979ea71
school-48921,lga0a82ff04fef4
school-48922,lga3720a59ebb88
school-48923,lga86925da5ab9b
school-48924,lga58f09d37a397
school-48925,lga86925da5ab9b
school-48926,lga1d9cab11a368
school-48927,lga0a82ff04fef4
school-48928,lga8e9c9fb4128c
school-48929,lgad293701a4487
school-48930,lga86925da5ab9b
school-48931,lgabbf72d87e377
school-48932,lga04147236faf8
school-48933,lga86925da5ab9b
school-48934,lga0ea91c482c93
school-48935,lga82fa96c43da5
school-48936,lga6cd8632bd9ac
school-48937,lga6cd8632bd9ac
school-48938,lga0d30a54abcf0
school-48939,lgaf2d2ad956e56
school-48940,lga86d3c596961b
school-48941,lgaf74ff9036145
school-48942,lgaf74ff9036145
school-48943,lgab3eac047a70e
school-48944,lgaf74ff9036145
school-48945,lgab3eac047a70e
school-48946,lga86925da5ab9b
school-48947,lgaa7c2ec1d9c04
school-48948,lga1542e1fe6ca8
school-48949,lga5bf1a288038c
school-48950,lga86925da5ab9b
school-48951,lga86925da5ab9b
school-48952,lga68ed6b749934
school-48953,lgad09f758e295e
school-48954,lgae219685f904a
school-48955,lga1d9cab11a368
school-48956,lga86925da5ab9b
school-48957,lga58f09d37a397
school-48958,lga68ed6b749934
school-48959,lgae7983979ea71
school-48960,lga4559e6ef11e9
school-48961,lga3cd9f2694391
school-48962,lgabaf7923db3cd
school-48963,lga0ea91c482c93
school-48964,lga68ed6b749934
school-48965,lga11926c8a5e34
school-48966,lga946039bb144d
school-48967,lgad293701a4487
school-48968,lga12712c7fbac0
school-48969,lgabaf7923db3cd
school-48970,lga1d9cab11a368
school-48971,lga86925da5ab9b
school-48972,lga5bf1a288038c
school-48973,lgabd9af5aa0252
school-48974,lgabd9af5aa0252
school-48975,lgabd9af5aa0252
school-48976,lgaf74ff9036145
school-48977,lgacb39af3c4099
school-48978,lga0ea91c482c93
school-48979,lgae7983979ea71
school-48980,lgabd9af5aa0252
school-48981,lga5bf1a288038c
school-48982,lga4f3ca10078b8
school-48984,lgabaf7923db3cd
school-48985,lgabaf7923db3cd
school-48986,lga511d862349e9
school-48987,lgabd9af5aa0252
school-48988,lga12712c7fbac0
school-48989,lgabd9af5aa0252
school-48990,lgabaf7923db3cd
school-48991,lga4559e6ef11e9
school-48992,lgabaf7923db3cd
school-48993,lga1542e1fe6ca8
school-48994,lgae7983979ea71
school-48995,lga7d1ac9e6f9f2
school-48996,lgadfe21f7497cb
school-48997,lga0ccb0029de1f
school-48999,lgacb39af3c4099
school-49000,lgabaf7923db3cd
school-49001,lga414bd8064616
school-49002,lgad2283997d8bb
school-49003,lga66fa01403049
school-49004,lga4559e6ef11e9
school-49005,lgaef496d06ef50
school-49006,lgabaf7923db3cd
school-49007,lgaef496d06ef50
school-49008,lga68ed6b749934
school-49009,lga68ed6b749934
school-49010,lgae7983979ea71
school-49011,lga1542e1fe6ca8
school-49012,lga5bf1a288038c
school-49013,lga68ed6b749934
school-49014,lgacb39af3c4099
school-49015,lga379ed169b677
school-49016,lga0ccb0029de1f
school-49017,lga0ccb0029de1f
school-49018,lga19a8033e8309
school-49019,lga19a8033e8309
school-49020,lga0a82ff04fef4
school-49021,lgae7983979ea71
school-49022,lga58f09d37a397
school-49023,lga86925da5ab9b
school-49024,lgad72a1f990ff7
school-49025,lga0d30a54abcf0
school-49026,lga0d30a54abcf0
school-49027,lga86925da5ab9b
school-49028,lga19a8033e8309
school-49029,lgabaf7923db3cd
school-49030,lga86925da5ab9b
school-49031,lgab9a0794b42cb
school-49032,lga7d1ac9e6f9f2
school-49033,lga0a82ff04fef4
school-49034,lgacfca57f84e65
school-49035,lga86925da5ab9b
school-49036,lgad293701a4487
school-49037,lgaa7208507e0f1
school-49038,lgad293701a4487
school-49039,lgadfe21f7497cb
school-49040,lga5bf1a288038c
school-49041,lga0ccb0029de1f
school-49043,lgaf98fbb5e40bf
school-49044,lgab9a0794b42cb
school-49046,lgad2283997d8bb
school-49047,lga58f09d37a397
school-49048,lga379ed169b677
school-49049,lga0ea91c482c93
school-49050,lga946039bb144d
school-49051,lga946039bb144d
school-49052,lga1542e1fe6ca8
school-49053,lgaf727f4e6c55a
school-49054,lga379ed169b677
school-49055,lga68ed6b749934
school-49056,lga414bd8064616
school-49057,lgadfe21f7497cb
school-49058,lga1d9cab11a368
school-49059,lgabd9af5aa0252
school-49060,lga946039bb144d
school-49062,lga946039bb144d
school-49064,lgae7983979ea71
school-49065,lga946039bb144d
school-49066,lgabaf7923db3cd
school-49067,lga0ccb0029de1f
school-49068,lga68ed6b749934
school-49069,lga5bf1a288038c
school-49070,lgaa7208507e0f1
school-49071,lgadfe21f7497cb
school-49072,lga1542e1fe6ca8
school-49073,lga4559e6ef11e9
school-49075,lga4559e6ef11e9
school-49076,lgabaf7923db3cd
school-49077,lgaef496d06ef50
school-49079,lga5bf1a288038c
school-49080,lga579e63cc4329
school-49081,lga379ed169b677
school-49082,lga0a82ff04fef4
school-49083,lga68ed6b749934
school-49084,lgaf727f4e6c55a
school-49085,lgae7983979ea71
school-49086,lga1542e1fe6ca8
school-49087,lga0a82ff04fef4
school-49088,lga946039bb144d
school-49089,lga946039bb144d
school-49090,lgaa7208507e0f1
school-49091,lgabaf7923db3cd
school-49092,lga66fa01403049
school-49093,lga86925da5ab9b
school-49094,lgacb39af3c4099
school-49095,lga86925da5ab9b
school-49096,lga86925da5ab9b
school-49098,lgaf98fbb5e40bf
school-49099,lgabd9af5aa0252
school-49100,lga1542e1fe6ca8
school-49101,lga414bd8064616
school-49102,lgadf64019486fb
school-49103,lga86925da5ab9b
school-49104,lgaef496d06ef50
school-49106,lgaf74ff9036145
school-49107,lga4559e6ef11e9
school-49108,lga0dd57caaec14
school-49109,lga1d9cab11a368
school-49110,lga68ed6b749934
school-49111,lga4559e6ef11e9
school-49112,lga86925da5ab9b
school-49113,lga4559e6ef11e9
school-49114,lgacb39af3c4099
school-49115,lga946039bb144d
school-49116,lgaf98fbb5e40bf
school-49117,lgae7983979ea71
school-49118,lga68ed6b749934
school-49119,lgaef496d06ef50
school-49120,lga379ed169b677
school-49122,lga45bb210e889f
school-49123,lga249121dcca41
school-49124,lga511d862349e9
school-49125,lga379ed169b677
school-49126,lga4f3ca10078b8
school-49127,lga6cd8632bd9ac
school-49128,lgab3eac047a70e
school-49129,lgaf98fbb5e40bf
school-49130,lga379ed169b677
school-49131,lga946039bb144d
school-49134,lgacfca57f84e65
school-49135,lgacfca57f84e65
school-49137,lgacb39af3c4099
school-49138,lga5bf1a288038c
school-49139,lgae7983979ea71
school-49140,lga45bb210e889f
school-49141,lga579e63cc4329
school-49142,lga86925da5ab9b
school-49143,lga0ccb0029de1f
school-49144,lgaf74ff9036145
school-49145,lga1d9cab11a368
school-49146,lgad2283997d8bb
school-49147,lga1542e1fe6ca8
school-49148,lgab9a0794b42cb
school-49149,lga0a82ff04fef4
school-49151,lgac82127f201d7
school-49152,lga5fa4aba46d55
school-49153,lgacbedc6edfda0
school-49154,lga4b54ad6025be
school-49155,lga11baf8370c20
school-49156,lgadddff4f68724
school-49157,lga1FSamwQfor7X
school-49159,lga1cecb0a38f64
school-49160,lgac82127f201d7
school-49162,lgac82127f201d7
school-49163,lga7333736c25bf
school-49164,lga9b9a22037920
school-49165,lgaa5189b29870a
school-49166,lgacbedc6edfda0
school-49167,lga8bc46b850b25
school-49168,lga987936deba94
school-49169,lgace51bb223ee3
school-49170,lgace51bb223ee3
school-49174,lgae7a122b2d3e4
school-49175,lga8bb4dae910ad
school-49176,lgab9c7be05c331
school-49177,lga192eccf40a5e
school-49178,lgab9c7be05c331
school-49179,lga99dcfd338775
school-49181,lga987936deba94
school-49182,lgacbedc6edfda0
school-49183,lga1cecb0a38f64
school-49184,lgaafe2b0257283
school-49185,lga2eb524438c47
school-49186,lga16d82bd5306a
school-49187,lgac7b472aadeba
school-49188,lgacbedc6edfda0
school-49189,lgaa5189b29870a
school-49191,lga1FSamwQfor7X
school-49193,lgadddff4f68724
school-49195,lga0bef6bb787be
school-49196,lga16d82bd5306a
school-49197,lga987936deba94
school-49198,lga3fe8017e2eff
school-49199,lgacbedc6edfda0
school-49200,lgaeca0b96b0442
school-49202,lgaa5189b29870a
school-49203,lgaf207b6af36f1
school-49204,lgacbedc6edfda0
school-49205,lga8bb4dae910ad
school-49206,lga4b54ad6025be
school-49207,lga4b54ad6025be
school-49208,lga99dcfd338775
school-49209,lga3fe8017e2eff
school-49210,lgae7a122b2d3e4
school-49211,lga3fe8017e2eff
school-49212,lga16d82bd5306a
school-49213,lga38df96951853
school-49214,lga1cecb0a38f64
school-49215,lgacbedc6edfda0
school-49216,lga7333736c25bf
school-49217,lga5fa4aba46d55
school-49219,lga38df96951853
school-49221,lga1cecb0a38f64
school-49223,lga599c2b7703f6
school-49224,lga38df96951853
school-49225,lgab09f307c62c1
school-49226,lgaf5a773172c52
school-49227,lga9b9a22037920
school-49228,lga16d82bd5306a
school-49229,lga16d82bd5306a
school-49230,lga1cecb0a38f64
school-49231,lga1f5afc0a8552
school-49232,lga39b8f2c918bf
school-49233,lga99dcfd338775
school-49235,lga8bb4dae910ad
school-49237,lgac82127f201d7
school-49239,lgacc6a33b87371
school-49240,lga192eccf40a5e
school-49241,lga8bb4dae910ad
school-49243,lgaeca0b96b0442
school-49244,lga1cecb0a38f64
school-49245,lga0bef6bb787be
school-49246,lga99dcfd338775
school-49247,lgab4b3f2fe7f57
school-49248,lga38df96951853
school-49250,lgab452c57d42fb
school-49251,lgadddff4f68724
school-49252,lgacbedc6edfda0
school-49253,lgadddff4f68724
school-49254,lgaaa3fe2d121d5
school-49255,lga5c9fb4d86069
school-49256,lga1cecb0a38f64
school-49257,lga4b54ad6025be
school-49258,lga8bc46b850b25
school-49259,lga16d82bd5306a
school-49260,lga3fe8017e2eff
school-49261,lgacbedc6edfda0
school-49262,lga38df96951853
school-49263,lga39b8f2c918bf
school-49264,lga16d82bd5306a
school-49265,lgaf5a773172c52
school-49266,lgaafe2b0257283
school-49267,lgaeca0b96b0442
school-49268,lgacbedc6edfda0
school-49269,lgab9c7be05c331
school-49270,lgaa5189b29870a
school-49271,lgaf5a773172c52
school-49272,lga69647734ec7d
school-49273,lga99e9c6a53cea
school-49274,lga99dcfd338775
school-49275,lga5fa4aba46d55
school-49276,lgaGyBYDi99uya6
school-49277,lga19ee0d725d8c
school-49278,lga9b1b1696edd4
school-49279,lga99dcfd338775
school-49282,lga408360683989
school-49283,lga16d82bd5306a
school-49284,lga4b54ad6025be
school-49286,lgaafe2b0257283
school-49287,lga5c9fb4d86069
school-49288,lgaf207b6af36f1
school-49289,lga0bef6bb787be
school-49290,lgaf56cee514c44
school-49291,lgaf56cee514c44
school-49292,lgaf56cee514c44
school-49293,lga16d82bd5306a
school-49294,lga5fa4aba46d55
school-49295,lgab09f307c62c1
school-49296,lga5f7f458702ae
school-49297,lga608f6aae1412
school-49298,lga987936deba94
school-49299,lgab09f307c62c1
school-49300,lgaed9e730476c1
school-49301,lga19ee0d725d8c
school-49302,lga38df96951853
school-49303,lgacbedc6edfda0
school-49304,lgaa5189b29870a
school-49305,lga4b54ad6025be
school-49306,lgae7a122b2d3e4
school-49307,lga38df96951853
school-49308,lga11baf8370c20
school-49309,lgacbedc6edfda0
school-49310,lga99dcfd338775
school-49311,lgae01a99dc2d13
school-49312,lgab4b3f2fe7f57
school-49313,lgaeca0b96b0442
school-49314,lga33e2b743dc9e
school-49315,lgab09f307c62c1
school-49317,lga38df96951853
school-49318,lgab09f307c62c1
school-49320,lgacc6a33b87371
school-49321,lga33e2b743dc9e
school-49322,lgaeca0b96b0442
school-49323,lga599c2b7703f6
school-49324,lga2996272c7e21
school-49325,lgab9c7be05c331
school-49326,lgacbedc6edfda0
school-49327,lgacbedc6edfda0
school-49328,lga1d0fb33d086d
school-49329,lga39b8f2c918bf
school-49330,lgaf207b6af36f1
school-49331,lga6119b80e9c90
school-49332,lga35875dc8cb05
school-49333,lga35875dc8cb05
school-49334,lga11baf8370c20
school-49335,lga987936deba94
school-49336,lgab09f307c62c1
school-49337,lgaa5189b29870a
school-49338,lga9b9a22037920
school-49339,lgac82127f201d7
school-49340,lga39b8f2c918bf
school-49341,lgaafe2b0257283
school-49342,lgacddbacde759d
school-49343,lgacddbacde759d
school-49344,lga38df96951853
school-49345,lga1f5afc0a8552
school-49348,lgacbedc6edfda0
school-49349,lgaa5189b29870a
school-49351,lga8bb4dae910ad
school-49352,lga192eccf40a5e
school-49353,lgaf5a773172c52
school-49354,lgacbedc6edfda0
school-49355,lga0bef6bb787be
school-49356,lgac82127f201d7
school-49357,lga99dcfd338775
school-49358,lga192eccf40a5e
school-49359,lgacc6a33b87371
school-49360,lga16d82bd5306a
school-49361,lga19ee0d725d8c
school-49362,lgacbedc6edfda0
school-49363,lgab9c7be05c331
school-49364,lgacddbacde759d
school-49365,lgaGyBYDi99uya6
school-49366,lgac82127f201d7
school-49368,lgaeca0b96b0442
school-49369,lga19ee0d725d8c
school-49370,lgaafe2b0257283
school-49371,lga0bef6bb787be
school-49372,lgab452c57d42fb
school-49373,lgacc6a33b87371
school-49374,lga608f6aae1412
school-49375,lga0bef6bb787be
school-49377,lgacddbacde759d
school-49378,lga19ee0d725d8c
school-49379,lgacbedc6edfda0
school-49380,lgaed9e730476c1
school-49381,lga16d82bd5306a
school-49382,lga99e9c6a53cea
school-49383,lga16d82bd5306a
school-49385,lgaa5189b29870a
school-49386,lga2eb524438c47
school-49387,lga19ee0d725d8c
school-49388,lgaaa3fe2d121d5
school-49390,lga99e9c6a53cea
school-49392,lga3fe8017e2eff
school-49395,lga19ee0d725d8c
school-49396,lga3fe8017e2eff
school-49397,lga99e9c6a53cea
school-49398,lgaed9e730476c1
school-49399,lgaa5189b29870a
school-49401,lgacddbacde759d
school-49402,lgaf207b6af36f1
school-49403,lga9b1b1696edd4
school-49404,lga4b54ad6025be
school-49405,lga39b8f2c918bf
school-49406,lga3fe8017e2eff
school-49407,lga2eb524438c47
school-49408,lga74dbd640905c
school-49409,lga1cecb0a38f64
school-49411,lgaa5189b29870a
school-49412,lgab09f307c62c1
school-49413,lga16d82bd5306a
school-49414,lga192eccf40a5e
school-49415,lgac82127f201d7
school-49416,lga8bb4dae910ad
school-49417,lga33e2b743dc9e
school-49419,lga11baf8370c20
school-49420,lgab452c57d42fb
school-49421,lgaa8d127fa14e7
school-49422,lgafbe47746b70a
school-49423,lgad7c8302d7c99
school-49424,lga58e5a61add88
school-49425,lga2d166f65332c
school-49426,lga74dbd640905c
school-49427,lgaafe2b0257283
school-49428,lga2996272c7e21
school-49429,lga16d82bd5306a
school-49430,lga060548248172
school-49431,lgaf5a773172c52
school-49432,lgaeca0b96b0442
school-49433,lgaf5a773172c52
school-49434,lga8bc46b850b25
school-49435,lga33e2b743dc9e
school-49436,lga8bb4dae910ad
school-49437,lgaafe2b0257283
school-49438,lga6a357c442a18
school-49439,lgaGyBYDi99uya6
school-49440,lga608f6aae1412
school-49441,lga0f98f8cfc594
school-49442,lgab452c57d42fb
school-49443,lga28e246b3a0dd
school-49444,lga6b1a0c50359b
school-49445,lgaf207b6af36f1
school-49446,lga11baf8370c20
school-49447,lgacbedc6edfda0
school-49448,lga0bef6bb787be
school-49449,lga6b1a0c50359b
school-49450,lga717995154949
school-49451,lgaaa3fe2d121d5
school-49452,lga11baf8370c20
school-49453,lga1FSamwQfor7X
school-49454,lgaafe2b0257283
school-49455,lgacbedc6edfda0
school-49456,lga1f5afc0a8552
school-49457,lgab09f307c62c1
school-49458,lgace51bb223ee3
school-49459,lgae7a122b2d3e4
school-49461,lgae7a122b2d3e4
school-49462,lga35875dc8cb05
school-49463,lga987936deba94
school-49464,lga0bef6bb787be
school-49465,lga11baf8370c20
school-49466,lga1cecb0a38f64
school-49467,lgab4b3f2fe7f57
school-49468,lgadddff4f68724
school-49469,lga8bc46b850b25
school-49470,lga2eb524438c47
school-49471,lga38df96951853
school-49472,lga69647734ec7d
school-49473,lga9b1b1696edd4
school-49474,lga408360683989
school-49475,lga4b54ad6025be
school-49476,lgac7b472aadeba
school-49477,lgaf56cee514c44
school-49478,lgab09f307c62c1
school-49479,lgac82127f201d7
school-49480,lgac82127f201d7
school-49481,lga1d0fb33d086d
school-49482,lgaf207b6af36f1
school-49483,lgaa5189b29870a
school-49484,lgaed9e730476c1
school-49486,lgaa5189b29870a
school-49487,lgaa5189b29870a
school-49488,lga3fe8017e2eff
school-49489,lga9b9a22037920
school-49491,lga99e9c6a53cea
school-49492,lga39b8f2c918bf
school-49493,lgaa5189b29870a
school-49494,lga33e2b743dc9e
school-49495,lga9b9a22037920
school-49496,lga19ee0d725d8c
school-49497,lga99e9c6a53cea
school-49498,lgab452c57d42fb
school-49499,lgaf207b6af36f1
school-49500,lga39b8f2c918bf
school-49501,lga3fe8017e2eff
school-49502,lga408360683989
school-49503,lgac82127f201d7
school-49504,lgac82127f201d7
school-49505,lga3fe8017e2eff
school-49506,lga5fa4aba46d55
school-49507,lga3fe8017e2eff
school-49508,lga16d82bd5306a
school-49509,lga39b8f2c918bf
school-49510,lga5fa4aba46d55
school-49511,lgaed9e730476c1
school-49512,lgab57364d45722
school-49513,lga16d82bd5306a
school-49514,lgae01a99dc2d13
school-49515,lga19ee0d725d8c
school-49516,lgacbedc6edfda0
school-49517,lga2eb524438c47
school-49518,lgab4b3f2fe7f57
school-49519,lga0bef6bb787be
school-49520,lga99e9c6a53cea
school-49521,lga99e9c6a53cea
school-49522,lgaa5189b29870a
school-49523,lga19ee0d725d8c
school-49524,lga8bc46b850b25
school-49525,lgacddbacde759d
school-49526,lgaa5189b29870a
school-49527,lga39b8f2c918bf
school-49529,lga39b8f2c918bf
school-49530,lga39b8f2c918bf
school-49531,lga39b8f2c918bf
school-49532,lgadddff4f68724
school-49534,lgac82127f201d7
school-49535,lgab4b3f2fe7f57
school-49536,lga0bef6bb787be
school-49538,lga192eccf40a5e
school-49539,lgacc6a33b87371
school-49540,lga5fa4aba46d55
school-49541,lga6119b80e9c90
school-49542,lgacddbacde759d
school-49543,lga0bef6bb787be
school-49544,lgae01a99dc2d13
school-49545,lgac82127f201d7
school-49546,lgae01a99dc2d13
school-49547,lgac82127f201d7
school-49548,lga39b8f2c918bf
school-49549,lga4b54ad6025be
school-49550,lga9b1b1696edd4
school-49551,lgacc6a33b87371
school-49552,lga19ee0d725d8c
school-49553,lga99e9c6a53cea
school-49554,lga19ee0d725d8c
school-49555,lga9b1b1696edd4
school-49556,lga99e9c6a53cea
school-49557,lga3fe8017e2eff
school-49558,lgaa5189b29870a
school-49559,lgae01a99dc2d13
school-49560,lgaf5a773172c52
school-49561,lga36e6a0d7b551
school-49562,lgaa8d127fa14e7
school-49563,lga5fa4aba46d55
school-49564,lgace51bb223ee3
school-49565,lgade4a9cc32421
school-49566,lga19ee0d725d8c
school-49567,lga16d82bd5306a
school-49568,lga99e9c6a53cea
school-49569,lgacc6a33b87371
school-49574,lgae01a99dc2d13
school-49575,lga36e6a0d7b551
school-49576,lga39b8f2c918bf
school-49577,lgae01a99dc2d13
school-49578,lga16d82bd5306a
school-49579,lga19ee0d725d8c
school-49580,lgacc6a33b87371
school-49581,lga19ee0d725d8c
school-49582,lgacc6a33b87371
school-49583,lga99e9c6a53cea
school-49584,lga99e9c6a53cea
school-49585,lga99e9c6a53cea
school-49587,lga16d82bd5306a
school-49588,lga16d82bd5306a
school-49590,lga16d82bd5306a
school-49591,lga16d82bd5306a
school-49592,lga16d82bd5306a
school-49593,lga16d82bd5306a
school-49594,lgacc6a33b87371
school-49595,lgacc6a33b87371
school-49596,lga16d82bd5306a
school-49597,lga19ee0d725d8c
school-49598,lgacc6a33b87371
school-49599,lgacc6a33b87371
school-49600,lgacc6a33b87371
school-49601,lgaa8d127fa14e7
school-49602,lga060548248172
school-49604,lgacddbacde759d
school-49605,lga19ee0d725d8c
school-49606,lga19ee0d725d8c
school-49607,lgac82127f201d7
school-49608,lga19ee0d725d8c
school-49609,lga19ee0d725d8c
school-49610,lga16d82bd5306a
school-49611,lgae01a99dc2d13
school-49612,lga408360683989
school-49614,lga19ee0d725d8c
school-49615,lga16d82bd5306a
school-49616,lgaa5189b29870a
school-49617,lgaeca0b96b0442
school-49618,lga36e6a0d7b551
school-49619,lga19ee0d725d8c
school-49620,lga19ee0d725d8c
school-49621,lga19ee0d725d8c
school-49623,lga16d82bd5306a
school-49624,lga19ee0d725d8c
school-49626,lga36e6a0d7b551
school-49627,lga19ee0d725d8c
school-49628,lgaa5189b29870a
school-49629,lga16d82bd5306a
school-49630,lga0bef6bb787be
school-49631,lga16d82bd5306a
school-49633,lgaa5189b29870a
school-49635,lga5fa4aba46d55
school-49636,lga5fa4aba46d55
school-49637,lga99e9c6a53cea
school-49638,lga3fe8017e2eff
school-49639,lgadddff4f68724
school-49640,lga9b1b1696edd4
school-49641,lga9b1b1696edd4
school-49642,lgacc6a33b87371
school-49643,lga3fe8017e2eff
school-49644,lga5fa4aba46d55
school-49645,lgaa5189b29870a
school-49646,lga19ee0d725d8c
school-49647,lgacc6a33b87371
school-49648,lga608f6aae1412
school-49649,lga39b8f2c918bf
school-49651,lga9b1b1696edd4
school-49652,lga39b8f2c918bf
school-49653,lga35875dc8cb05
school-49654,lga36e6a0d7b551
school-49655,lga36e6a0d7b551
school-49656,lga99e9c6a53cea
school-49657,lga1cecb0a38f64
school-49658,lgacc6a33b87371
school-49660,lgab4b3f2fe7f57
school-49661,lgab4b3f2fe7f57
school-49662,lga16d82bd5306a
school-49663,lga16d82bd5306a
school-49664,lgaa5189b29870a
school-49665,lga36e6a0d7b551
school-49667,lga16d82bd5306a
school-49668,lga19ee0d725d8c
school-49669,lga39b8f2c918bf
school-49671,lga408360683989
school-49672,lgafeac940b9d7e
school-49673,lgacc6a33b87371
school-49674,lga19ee0d725d8c
school-49675,lgacc6a33b87371
school-49676,lgacc6a33b87371
school-49677,lga19ee0d725d8c
school-49678,lga39b8f2c918bf
school-49679,lga16d82bd5306a
school-49680,lgacc6a33b87371
school-49681,lga36e6a0d7b551
school-49682,lga987936deba94
school-49683,lga39b8f2c918bf
school-49684,lga1FSamwQfor7X
school-49685,lga39b8f2c918bf
school-49686,lga39b8f2c918bf
school-49687,lgacc6a33b87371
school-49688,lga16d82bd5306a
school-49689,lgacc6a33b87371
school-49690,lga39b8f2c918bf
school-49691,lgacddbacde759d
school-49692,lgafeac940b9d7e
school-49693,lga5c9fb4d86069
school-49694,lga1FSamwQfor7X
school-49695,lgaed9e730476c1
school-49696,lga3fe8017e2eff
school-49698,lgacc6a33b87371
school-49699,lga9b9a22037920
school-49700,lgab4b3f2fe7f57
school-49702,lgac82127f201d7
school-49703,lga3fe8017e2eff
school-49704,lga3fe8017e2eff
school-49705,lgacbedc6edfda0
school-49706,lga1FSamwQfor7X
school-49707,lga1FSamwQfor7X
school-49708,lgae01a99dc2d13
school-49709,lga192eccf40a5e
school-49710,lgaa5189b29870a
school-49711,lga408360683989
school-49712,lgaf56cee514c44
school-49713,lga9b9a22037920
school-49714,lga4b54ad6025be
school-49715,lgac82127f201d7
school-49716,lga1FSamwQfor7X
school-49717,lga3fe8017e2eff
school-49718,lgaa5189b29870a
school-49719,lga99e9c6a53cea
school-49720,lgaa5189b29870a
school-49721,lgacc6a33b87371
school-49722,lga19ee0d725d8c
school-49723,lga19ee0d725d8c
school-49724,lga16d82bd5306a
school-49725,lga99e9c6a53cea
school-49726,lga987936deba94
school-49727,lgaa5189b29870a
school-49728,lga192eccf40a5e
school-49730,lgaa5189b29870a
school-49731,lga5fa4aba46d55
school-49732,lgae01a99dc2d13
school-49733,lga16d82bd5306a
school-49734,lgab09f307c62c1
school-49735,lga3fe8017e2eff
school-49736,lgac82127f201d7
school-49737,lga3fe8017e2eff
school-49738,lga99e9c6a53cea
school-49739,lga2eb524438c47
school-49740,lga39b8f2c918bf
school-49741,lga39b8f2c918bf
school-49742,lgae7a122b2d3e4
school-49743,lgaa5189b29870a
school-49744,lga99e9c6a53cea
school-49745,lgab9c7be05c331
school-49746,lga3fe8017e2eff
school-49747,lgae01a99dc2d13
school-49748,lgaa5189b29870a
school-49749,lgae7a122b2d3e4
school-49750,lga3fe8017e2eff
school-49751,lgac82127f201d7
school-49752,lga5fa4aba46d55
school-49753,lgaf207b6af36f1
school-49754,lga3fe8017e2eff
school-49755,lga0bef6bb787be
school-49756,lga1cecb0a38f64
school-49757,lgadddff4f68724
school-49758,lga9b9a22037920
school-49759,lga3fe8017e2eff
school-49760,lgab9c7be05c331
school-49761,lga9b9a22037920
school-49762,lga0bef6bb787be
school-49763,lga69647734ec7d
school-49764,lga5fa4aba46d55
school-49765,lga5c9fb4d86069
school-49766,lga5fa4aba46d55
school-49768,lgac82127f201d7
school-49769,lga19ee0d725d8c
school-49770,lga99e9c6a53cea
school-49771,lgacbedc6edfda0
school-49772,lga3fe8017e2eff
school-49773,lgae01a99dc2d13
school-49774,lga6119b80e9c90
school-49776,lga99e9c6a53cea
school-49777,lga3fe8017e2eff
school-49778,lgaa5189b29870a
school-49779,lga11baf8370c20
school-49780,lga9b1b1696edd4
school-49781,lga16d82bd5306a
school-49782,lga16d82bd5306a
school-49783,lga16d82bd5306a
school-49784,lga16d82bd5306a
school-49785,lgacc6a33b87371
school-49786,lgac82127f201d7
school-49787,lga5c9fb4d86069
school-49788,lga3fe8017e2eff
school-49789,lgaa8d127fa14e7
school-49790,lga16d82bd5306a
school-49791,lgacbedc6edfda0
school-49792,lga5fa4aba46d55
school-49793,lgab9c7be05c331
school-49794,lga99dcfd338775
school-49795,lga16d82bd5306a
school-49796,lga16d82bd5306a
school-49797,lgacddbacde759d
school-49798,lga1cecb0a38f64
school-49799,lga5fa4aba46d55
school-49800,lga5fa4aba46d55
school-49801,lga16d82bd5306a
school-49802,lga16d82bd5306a
school-49803,lgae01a99dc2d13
school-49804,lga3fe8017e2eff
school-49805,lgac82127f201d7
school-49806,lga19ee0d725d8c
school-49807,lgab9c7be05c331
school-49808,lgab9c7be05c331
school-49809,lga8bc46b850b25
school-49810,lga2eb524438c47
school-49811,lga9b9a22037920
school-49812,lga1FSamwQfor7X
school-49813,lga9b9a22037920
school-49814,lga2eb524438c47
school-49815,lgac82127f201d7
school-49816,lgab9c7be05c331
school-49817,lga99e9c6a53cea
school-49818,lga6119b80e9c90
school-49819,lga16d82bd5306a
school-49820,lgace51bb223ee3
school-49821,lga39b8f2c918bf
school-49822,lga35875dc8cb05
school-49823,lga39b8f2c918bf
school-49824,lgadddff4f68724
school-49825,lga38df96951853
school-49826,lgacc6a33b87371
school-49827,lgace51bb223ee3
school-49828,lga16d82bd5306a
school-49829,lga5fa4aba46d55
school-49830,lgace51bb223ee3
school-49831,lgab4b3f2fe7f57
school-49832,lga1cecb0a38f64
school-49833,lga2eb524438c47
school-49834,lga3fe8017e2eff
school-49835,lga16d82bd5306a
school-49836,lgadddff4f68724
school-49837,lgaf207b6af36f1
school-49838,lga99e9c6a53cea
school-49839,lgacc6a33b87371
school-49841,lga16d82bd5306a
school-49842,lga19ee0d725d8c
school-49843,lga1cecb0a38f64
school-49844,lgacc6a33b87371
school-49845,lgacbedc6edfda0
school-49846,lga39b8f2c918bf
school-49847,lga19ee0d725d8c
school-49848,lga408360683989
school-49849,lga16d82bd5306a
school-49850,lga19ee0d725d8c
school-49851,lgacc6a33b87371
school-49852,lga192eccf40a5e
school-49853,lgaafe2b0257283
school-49854,lga16d82bd5306a
school-49855,lga16d82bd5306a
school-49857,lga19ee0d725d8c
school-49858,lgac82127f201d7
school-49859,lga6119b80e9c90
school-49860,lgaed9e730476c1
school-49861,lga1d0fb33d086d
school-49862,lga4b54ad6025be
school-49863,lga3fe8017e2eff
school-49864,lga38df96951853
school-49865,lga608f6aae1412
school-49866,lga1cecb0a38f64
school-49868,lga38df96951853
school-49869,lgacbedc6edfda0
school-49870,lgaf207b6af36f1
school-49871,lga38df96951853
school-49872,lga11baf8370c20
school-49874,lga38df96951853
school-49875,lga19ee0d725d8c
school-49876,lga3fe8017e2eff
school-49877,lga99e9c6a53cea
school-49881,lga1d0fb33d086d
school-49882,act-territory
school-49883,act-territory
school-49884,act-territory
school-49885,act-territory
school-49886,act-territory
school-49887,act-territory
school-49888,act-territory
school-49889,act-territory
school-49890,act-territory
school-49891,act-territory
school-49892,act-territory
school-49893,act-territory
school-49894,
school-49895,act-territory
school-49896,act-territory
school-49897,act-territory
school-49898,act-territory
school-49899,act-territory
school-49900,act-territory
school-49901,act-territory
school-49902,act-territory
school-49903,act-territory
school-49904,act-territory
school-49905,act-territory
school-49906,act-territory
school-49907,act-territory
school-49908,act-territory
school-49909,act-territory
school-49910,act-territory
school-49911,act-territory
school-49912,act-territory
school-49913,act-territory
school-49914,act-territory
school-49915,act-territory
school-49916,act-territory
school-49917,act-territory
school-49918,act-territory
school-49919,act-territory
school-49920,act-territory
school-49921,act-territory
school-49922,act-territory
school-49923,act-territory
school-49924,act-territory
school-49925,act-territory
school-49926,act-territory
school-49927,act-territory
school-49928,act-territory
school-49929,act-territory
school-49930,act-territory
school-49931,act-territory
school-49932,act-territory
school-49933,act-territory
school-49934,act-territory
school-49935,act-territory
school-49936,act-territory
school-49937,act-territory
school-49938,act-territory
school-49939,act-territory
school-49940,act-territory
school-49941,act-territory
school-49942,act-territory
school-49943,act-territory
school-49944,act-territory
school-49945,act-territory
school-49946,act-territory
school-49947,act-territory
school-49948,act-territory
school-49949,act-territory
school-49950,act-territory
school-49951,act-territory
school-49953,act-territory
school-49954,act-territory
school-49955,act-territory
school-49956,act-territory
school-49957,act-territory
school-49958,act-territory
school-49959,act-territory
school-49960,act-territory
school-49961,act-territory
school-49962,act-territory
school-49963,act-territory
school-49964,act-territory
school-49965,act-territory
school-49966,act-territory
school-49967,act-territory
school-49968,act-territory
school-49969,act-territory
school-49970,act-territory
school-49971,act-territory
school-49972,act-territory
school-49973,act-territory
school-49974,act-territory
school-49975,act-territory
school-49976,act-territory
school-49977,act-territory
school-49978,act-territory
school-49979,act-territory
school-49980,act-territory
school-49981,act-territory
school-49982,act-territory
school-49983,act-territory
school-49984,act-territory
school-49985,act-territory
school-49986,act-territory
school-49987,act-territory
school-49988,act-territory
school-49989,act-territory
school-49990,act-territory
school-49991,act-territory
school-49992,act-territory
school-49993,act-territory
school-49994,act-territory
school-49995,act-territory
school-49996,act-territory
school-49997,act-territory
school-49998,act-territory
school-50000,lga744170e79f38
school-50001,lga512c4490dfd7
school-50002,lga7298de6f3112
school-50003,lga744170e79f38
school-50005,lga744170e79f38
school-50006,lga10f7407af335
school-50007,lgaa51eac91a650
school-50008,lga8fa0b5da0f3d
school-50009,lga512c4490dfd7
school-50010,lga744170e79f38
school-50011,lga744170e79f38
school-50012,lgaaf6116dc31d4
school-50013,lga10f7407af335
school-50014,lga10f7407af335
school-50015,lga8fa0b5da0f3d
school-50016,lga8fa0b5da0f3d
school-50017,lga512c4490dfd7
school-50018,lga512c4490dfd7
school-50019,lgaaf6116dc31d4
school-50020,lgaaf6116dc31d4
school-50021,lga8fa0b5da0f3d
school-50022,lga10f7407af335
school-50023,lgaaf6116dc31d4
school-50024,lga10f7407af335
school-50025,lga10f7407af335
school-50026,lga744170e79f38
school-50027,lga744170e79f38
school-50028,lga512c4490dfd7
school-50029,lga8fa0b5da0f3d
school-50030,lga744170e79f38
school-50031,lga744170e79f38
school-50032,lga744170e79f38
school-50033,lga512c4490dfd7
school-50034,lga744170e79f38
school-50035,lga744170e79f38
school-50036,lga744170e79f38
school-50037,lga744170e79f38
school-50038,lgaaf6116dc31d4
school-50039,lga744170e79f38
school-50040,lga7298de6f3112
school-50041,lga744170e79f38
school-50042,lga744170e79f38
school-50043,lga8fa0b5da0f3d
school-50044,lga8fa0b5da0f3d
school-50045,lga744170e79f38
school-50046,lgaa51eac91a650
school-50047,lga744170e79f38
school-50048,lga744170e79f38
school-50049,lgaaf6116dc31d4
school-50050,lga744170e79f38
school-50051,lgadc0b21ac7aa5
school-50052,lga343974349679
school-50053,lgae334d98be608
school-50054,lgaa51eac91a650
school-50055,lgaS9n9ukxb2J06
school-50056,lga64eddfc50074
school-50057,lga1bed9266d38b
school-50058,lgae334d98be608
school-50059,lga9de0ceb5acee
school-50060,lga7fa312217bdc
school-50061,lgae334d98be608
school-50062,lga1bed9266d38b
school-50063,lga64eddfc50074
school-50064,lga64eddfc50074
school-50065,lga1bed9266d38b
school-50066,lga1bed9266d38b
school-50067,lga1bed9266d38b
school-50068,lga7fa312217bdc
school-50069,lga744170e79f38
school-50070,lga744170e79f38
school-50071,lga1bed9266d38b
school-50072,lga8fa0b5da0f3d
school-50073,lga343974349679
school-50074,lga7fa312217bdc
school-50075,lgaa51eac91a650
school-50076,lgacea61e3f056e
school-50077,lgaa51eac91a650
school-50078,lgacea61e3f056e
school-50079,lga64eddfc50074
school-50080,lgad422e43c509e
school-50081,lga7fa312217bdc
school-50082,lga9de0ceb5acee
school-50083,lga64eddfc50074
school-50084,lgaa51eac91a650
school-50086,lga1eafa2007bc7
school-50087,lga30955180d2fa
school-50088,lgaa51eac91a650
school-50089,lgaa51eac91a650
school-50090,lgacea61e3f056e
school-50092,lgacea61e3f056e
school-50093,lga7fa312217bdc
school-50094,lgacea61e3f056e
school-50095,lga64eddfc50074
school-50096,lga7fa312217bdc
school-50097,lgacea61e3f056e
school-50098,lgae334d98be608
school-50099,lga64eddfc50074
school-50100,lgacea61e3f056e
school-50101,lga10f7407af335
school-50102,lgaa3498d6da0a6
school-50103,lgaS9n9ukxb2J06
school-50104,lga64eddfc50074
school-50105,lga7fa312217bdc
school-50106,lgaa51eac91a650
school-50107,lgacea61e3f056e
school-50108,lgaa51eac91a650
school-50109,lgaa51eac91a650
school-50110,lga66d4787a28c4
school-50111,lgacea61e3f056e
school-50112,lga7fa312217bdc
school-50113,lgacea61e3f056e
school-50114,lga66d4787a28c4
school-50115,lga9de0ceb5acee
school-50116,lga9de0ceb5acee
school-50117,lgaa3498d6da0a6
school-50118,lga64eddfc50074
school-50119,lga7fa312217bdc
school-50120,lga7fa312217bdc
school-50121,lga9de0ceb5acee
school-50122,lga9de0ceb5acee
school-50123,lgacea61e3f056e
school-50124,lgaS9n9ukxb2J06
school-50125,lga64eddfc50074
school-50127,lgacea61e3f056e
school-50128,lgacea61e3f056e
school-50129,lgae334d98be608
school-50130,lgacea61e3f056e
school-50131,lga7fa312217bdc
school-50132,lgaa51eac91a650
school-50133,lga9de0ceb5acee
school-50134,lga64eddfc50074
school-50135,lga9de0ceb5acee
school-50136,lgafadda5a9641f
school-50137,lga64eddfc50074
school-50138,lga9de0ceb5acee
school-50139,lga1bed9266d38b
school-50140,lga744170e79f38
school-50141,lga8fa0b5da0f3d
school-50142,lgacea61e3f056e
school-50143,lgaa3498d6da0a6
school-50144,lga66d4787a28c4
school-50145,lga9de0ceb5acee
school-50146,lgaa3498d6da0a6
school-50147,lga744170e79f38
school-50148,lgaaf6116dc31d4
school-50149,lga744170e79f38
school-50150,lga10f7407af335
school-50151,lga8fa0b5da0f3d
school-50152,lga744170e79f38
school-50153,lgaaf6116dc31d4
school-50155,lga8fa0b5da0f3d
school-50156,lga8fa0b5da0f3d
school-50157,lga8fa0b5da0f3d
school-50158,lga30955180d2fa
school-50159,lga1bed9266d38b
school-50160,lgafadda5a9641f
school-50161,lga8fa0b5da0f3d
school-50162,lga744170e79f38
school-50163,lga1bed9266d38b
school-50164,lgaa3498d6da0a6
school-50168,lga7d1ac9e6f9f2
school-50169,lga16d82bd5306a
school-50173,lgab3be0b9eb31a
school-50174,lgaf76bb579e827
school-50175,lgafa7d75c94e0c
school-50176,lga3476c1d9fd7f
school-50177,lgab65bc8ec7820
school-50178,lgab65bc8ec7820
school-50180,lga4449559268d6
school-50182,lga4449559268d6
school-50185,lgadbd419ff24e3
school-50186,lgadd7fe82edc77
school-50187,lgaa40be6b352b7
school-50189,lga5e8f0b6a35b1
school-50190,lga3476c1d9fd7f
school-50191,lgaa0f71a56be3f
school-50193,lgaa61a81fb4118
school-50195,lga227fb535494c
school-50196,lga224186279c28
school-50198,lga2513fbdd7033
school-50199,lga42b2fd54c1e9
school-50200,lga98337d58aaa4
school-50212,lgaee0b3901a073
school-50213,lga16d82bd5306a
school-50214,lgab4b3f2fe7f57
school-50215,lga5c7223f40d56
school-50216,lgaed9e730476c1
school-50217,lga224186279c28
school-50219,lgab4b3f2fe7f57
school-50221,lga35875dc8cb05
school-50222,lgadd72d6dc964c
school-50223,act-territory
school-50226,lga28e246b3a0dd
school-50227,lga605d8cdb0eb8
school-50228,lgacbffb11990f2
school-50229,lgadc18daa4e36a
school-50230,lga2319b5472a93
school-50231,lga11f7bab2f676
school-50233,lga11f7bab2f676
school-50234,lga11f7bab2f676
school-50235,lga11f7bab2f676
school-50237,lgaa7208507e0f1
school-50238,lga11f7bab2f676
school-50239,lga11f7bab2f676
school-50240,lgab64f14d6026f
school-50241,lgaf4d7671cd990
school-50244,act-territory
school-50245,lga2a2057496fb7
school-50246,lga6ea491feb08f
school-50248,lga1bf4b9703dd4
school-50249,lgadf196edd3a41
school-50250,lga2a2057496fb7
school-50251,lga605d8cdb0eb8
school-50253,lga81c3e6b6c380
school-50254,lgafd22606d6b20
school-50255,lga3ec5fd5ac40a
school-50256,lgaa33bbd294e17
school-50257,lgacbffb11990f2
school-50259,lgaa33bbd294e17
school-50260,lgaed3a2c35aa46
school-50261,lgaed3a2c35aa46
school-50262,lgaed3a2c35aa46
school-50265,lga691f580f3258
school-50266,lga3476c1d9fd7f
school-50267,lgad68479123642
school-50268,lgab70a9914e5bc
school-50269,lgab70a9914e5bc
school-50270,lga224186279c28
school-50271,lga0061bf039442
school-50273,lgab3be0b9eb31a
school-50274,lgab65bc8ec7820
school-50275,lgaa0f71a56be3f
school-50276,lga5bfafb32b8d5
school-50277,lga891e1f62b45e
school-50278,lga891e1f62b45e
school-50279,lga3476c1d9fd7f
school-50282,lgaa9c96a55e122
school-50283,lgaa9c96a55e122
school-50284,lga42b2fd54c1e9
school-50285,lga891e1f62b45e
school-50287,lga891e1f62b45e
school-50289,lgab65bc8ec7820
school-50290,lga9bd137c30d17
school-50291,lga227fb535494c
school-50293,lga227fb535494c
school-50294,lga227fb535494c
school-50295,lga227fb535494c
school-50297,lga227fb535494c
school-50300,lgaae260494d80c
school-50301,lga53026dafea91
school-50302,lga53026dafea91
school-50303,lga53026dafea91
school-50304,lgafa7d75c94e0c
school-50305,lga3476c1d9fd7f
school-50306,lga53026dafea91
school-50309,lga72904b64c519
school-50312,lga53026dafea91
school-50313,lgadd6ba71d5cd0
school-50314,lga0cc4ddc4db86
school-50315,lga1542e1fe6ca8
school-50318,lgaf2d2ad956e56
school-50319,lga68ed6b749934
school-50321,lga834b76840988
school-50324,lga834b76840988
school-50325,lga834b76840988
school-50326,lga834b76840988
school-50328,lgaf11c4f3e9ae0
school-50330,lga575ae7e97596
school-50332,lgaa5189b29870a
school-50333,lga9b9a22037920
school-50334,lga39b8f2c918bf
school-50335,lgab9c7be05c331
school-50336,lga16d82bd5306a
school-50337,lgacc6a33b87371
school-50338,lga2eb524438c47
school-50339,lga3fe8017e2eff
school-50340,lga3fe8017e2eff
school-50341,lga16d82bd5306a
school-50342,lga16d82bd5306a
school-50343,lga19ee0d725d8c
school-50344,lga19ee0d725d8c
school-50345,lga16d82bd5306a
school-50346,lga19ee0d725d8c
school-50347,lga1FSamwQfor7X
school-50348,lgaf5a773172c52
school-50350,lga99dcfd338775
school-50352,lga192eccf40a5e
school-50354,lga3fe8017e2eff
school-50356,lga9b1b1696edd4
school-50357,lga9b9a22037920
school-50359,act-territory
school-50360,lgaaf6116dc31d4
school-50362,lga66d4787a28c4
school-50363,lga68ed6b749934
school-50364,lgafd22606d6b20
school-50365,lgafd22606d6b20
school-50366,lgafd22606d6b20
school-50367,lgaf711db11e308
school-50368,lgaaeff9c47295f
school-50369,lga4559e6ef11e9
school-50373,lgafd22606d6b20
school-50374,lgafd22606d6b20
school-50375,lga12bb9336429b
school-50376,act-territory
school-50379,lga0cd900c07cca
school-50380,lga5c7223f40d56
school-50381,lga605d8cdb0eb8
school-50385,lga5971dfaf3433
school-50387,lga2a2057496fb7
school-50390,lgaaeff9c47295f
school-50391,lgaaeff9c47295f
school-50392,lgae6614bd759c6
school-50394,lga42b2fd54c1e9
school-50395,lga53026dafea91
school-50398,lga4559e6ef11e9
school-50400,lgaf11c4f3e9ae0
school-50401,lga5591321694d6
school-50402,lga227fb535494c
school-50403,lga5c9fb4d86069
school-50409,lgacbffb11990f2
school-50410,lga81c3e6b6c380
school-50411,lga744d9df35829
school-50412,lga227fb535494c
school-50413,lgae1dcbacb8510
school-50416,lgae04a9b8beff3
school-50417,lga8f7ed7c51d73
school-50419,lgacbedc6edfda0
school-50420,lga15c9c80d4be7
school-50421,lgab59cd333b8fb
school-50422,lga3ae8a31b9e30
school-50423,lgae04a9b8beff3
school-50424,lga11ee462056ba
school-50425,lgaa5101cb3dc0e
school-50429,lga11ee462056ba
school-50430,lgae1e88444b382
school-50433,lga11ee462056ba
school-50434,lgab64f14d6026f
school-50436,lga0cd900c07cca
school-50437,lga946039bb144d
school-50438,lga1542e1fe6ca8
school-50440,lga229c15cd02b0
school-50441,lgacfca57f84e65
school-50442,lgae7983979ea71
school-50443,lgacb39af3c4099
school-50445,lga82cb34cd75f9
school-50446,lga946039bb144d
school-50448,lgae7983979ea71
school-50449,lgacb39af3c4099
school-50450,lgacb39af3c4099
school-50451,lga5b94fd0071aa
school-50452,lgadd6ba71d5cd0
school-50453,lga227fb535494c
school-50454,lgac69cfd288672
school-50455,lga891e1f62b45e
school-50456,lgaa0f71a56be3f
school-50457,lgaJ2LPN2y4pll0
school-50458,lga891e1f62b45e
school-50459,lga53026dafea91
school-50460,lgaeb9321b0357b
school-50473,lga5bfafb32b8d5
school-50474,lga4e7c0f04e5f4
school-50475,lga7fa312217bdc
school-50476,lga8fa0b5da0f3d
school-50477,lgaaf6116dc31d4
school-50478,lgaec33a9b45493
school-50479,lgafd22606d6b20
school-50481,lga2myCy2EsI_Km
school-50482,lga121ab34837b6
school-50483,lga2myCy2EsI_Km
school-50484,lgaa9ec4359b5d6
school-50485,lgae1728aa315f4
school-50489,lga16d82bd5306a
school-50492,lga28e246b3a0dd
school-50494,lga2a2057496fb7
school-50495,lga1a793093877f
school-50496,lga891e1f62b45e
school-50498,lgabeae5da9112d
school-50499,lgaf711db11e308
school-50500,lga4ab258f19347
school-50501,lgae1e88444b382
school-50502,lga5c66b4f8531c
school-50503,lgaJ2LPN2y4pll0
school-50504,lga4bbd09ca7a5d
school-50505,lga9bd137c30d17
school-50506,lgab64f14d6026f
school-50507,lgac82127f201d7
school-50508,lga4559e6ef11e9
school-50509,lgadbd419ff24e3
school-50511,lga1bf4b9703dd4
school-50513,lgab65bc8ec7820
school-50516,lgaJ2LPN2y4pll0
school-50517,lga2eb524438c47
school-50518,lga2eb524438c47
school-50519,lga224186279c28
school-50520,lgaf711db11e308
school-50521,lga12bb9336429b
school-50522,lgad15a5a116e04
school-50523,lgadddcddee4d71
school-50524,lgadddcddee4d71
school-50525,lgadddcddee4d71
school-50526,lga561276499dfd
school-50527,lga561276499dfd
school-50528,lga561276499dfd
school-50529,lga65af96ce18eb
school-50530,lga65af96ce18eb
school-50531,lga65af96ce18eb
school-50532,lga65af96ce18eb
school-50533,lga1be86b7b4de2
school-50534,lga2d4caabc619c
school-50535,lga3ae8a31b9e30
school-50536,lgaaeff9c47295f
school-50538,lga891e1f62b45e
school-50539,lga3476c1d9fd7f
school-50540,lga4559e6ef11e9
school-50543,lga12712c7fbac0
school-50544,lgacfca57f84e65
school-50545,lga68ed6b749934
school-50546,lga45bb210e889f
school-50547,lga72904b64c519
school-50549,lgac20858fe9fc3
school-50551,lgab65bc8ec7820
school-50552,lga1542e1fe6ca8
school-50553,lgaf711db11e308
school-50554,lga946039bb144d
school-50556,act-territory
school-50557,act-territory
school-50559,lga1bf4b9703dd4
school-50560,lgaf98fbb5e40bf
school-50561,lga0ea91c482c93
school-50562,lgab418fd9e27ef
school-50563,lga72904b64c519
school-50564,lga1bf4b9703dd4
school-50565,lgac20858fe9fc3
school-50566,lga53026dafea91
school-50567,lga53026dafea91
school-50568,lga53026dafea91
school-50569,lga6f3147bcaaee
school-50570,lga06490af4f38a
school-50571,lga06490af4f38a
school-50573,lga6f3147bcaaee
school-50574,lga6f3147bcaaee
school-50575,lga6f3147bcaaee
school-50576,lgadd6ba71d5cd0
school-50577,lgaa61a81fb4118
school-50578,lga3476c1d9fd7f
school-50579,lga0cd900c07cca
school-50580,lgaf711db11e308
school-50581,lgafd22606d6b20
school-50583,lga2myCy2EsI_Km
school-50584,lgaa0f71a56be3f
school-50589,lgaa0f71a56be3f
school-50591,act-territory
school-50593,lgae1e88444b382
school-50594,lga4200d998f24c
school-50597,lga0d30a54abcf0
school-50598,lgab3eac047a70e
school-50599,lga379ed169b677
school-50600,lga605d8cdb0eb8
school-50601,lgacf41226610f4
school-50602,lga4559e6ef11e9
school-50603,lgacf41226610f4
school-50604,lga03a912e8133a
school-50605,lgadf196edd3a41
school-50606,lgadf196edd3a41
school-50607,lga379ed169b677
school-50608,lga744170e79f38
school-50609,lgab70a9914e5bc
school-50610,lgaJ2LPN2y4pll0
school-50611,lga98337d58aaa4
school-50612,lga68ed6b749934
school-50670,lga45bb210e889f
school-50671,lga1d9cab11a368
school-50672,lga1542e1fe6ca8
school-50673,lga511d862349e9
school-50674,lga68ed6b749934
school-50675,lga68ed6b749934
school-50676,lgacb39af3c4099
school-50677,lga3476c1d9fd7f
school-50678,lga53026dafea91
school-50681,lga3476c1d9fd7f
school-50682,lgac69cfd288672
school-50683,lgaa0f71a56be3f
school-50684,lga0930e8ebad68
school-50685,lgadd6ba71d5cd0
school-50686,lgac030388b8cd2
school-50687,lga1bf4b9703dd4
school-50688,lga68ed6b749934
school-50689,lga53026dafea91
school-50690,lga891e1f62b45e
school-50691,lga0cd900c07cca
school-50692,lga376d180b8860
school-50693,lga5bf1a288038c
school-50694,lgaa0f71a56be3f
school-50695,lga53026dafea91
school-50696,lga53026dafea91
school-50697,lgac69cfd288672
school-50698,lga575ae7e97596
school-50699,lga3ae8a31b9e30
school-50700,lga946039bb144d
school-50702,lgae1728aa315f4
school-50703,lga2a2057496fb7
school-50704,lgacf41226610f4
school-50705,lga5b48a02a6055
school-50707,lgae51387f515c9
school-50708,lgaf11c4f3e9ae0
school-50710,lga1bf4b9703dd4
school-50711,lga39b8f2c918bf
school-50712,lgab848eee26cd6
school-50713,lgae04a9b8beff3
school-50714,lga86d3c596961b
school-50716,lga4ab258f19347
school-50717,lgaf711db11e308
school-50722,lga5c66b4f8531c
school-50724,lga42b2fd54c1e9
school-50725,lga69684c885dd2
school-50726,lga227fb535494c
school-50727,lga4e7c0f04e5f4
school-50728,lga2myCy2EsI_Km
school-50729,lgae04a9b8beff3
school-50730,lga42b2fd54c1e9
school-51452,lga744170e79f38
school-51454,lga570242050fb9
school-51455,lga4ab258f19347
school-51456,lga539121ae6aa1
school-51457,lgaf06f63452dec
school-51458,lgaf06f63452dec
school-51459,lga8f7ed7c51d73
school-51460,lgaa5101cb3dc0e
school-51461,lga695a89c7b19b
school-51462,lga18e02c07dc3d
school-51463,lgac030388b8cd2
school-51464,act-territory
school-51465,act-territory
school-51466,act-territory
school-51467,lga4ad25c8d4bff
school-51469,lgaf1f1eef13783
school-51470,lgab64f14d6026f
school-51471,lgab64f14d6026f
school-51472,lgab64f14d6026f
school-51473,lgab64f14d6026f
school-51474,lga098f9fe7f215
school-51477,lgaf76bb579e827
school-51478,lga53026dafea91
school-51479,lga224186279c28
school-51480,lga53026dafea91
school-51481,lga42b2fd54c1e9
school-51482,lga1aae6e9a27ff
school-51483,lgadbd419ff24e3
school-51484,lgadbd419ff24e3
school-51485,lgac69cfd288672
school-51486,lgac69cfd288672
school-51487,lga69684c885dd2
school-51488,lga891e1f62b45e
school-51489,lgaf711db11e308
school-51490,lgaf711db11e308
school-51491,lgaaeff9c47295f
school-51492,lgaaeff9c47295f
school-51493,lga59db913dcc12
school-51495,lga2myCy2EsI_Km
school-51496,lga2myCy2EsI_Km
school-51499,lgaf45ca84fe363
school-51500,lga8fb7499d80c3
school-51501,lga2d4caabc619c
school-51502,lga2d4caabc619c
school-51503,lga6502ae8312bd
school-51504,lgabeae5da9112d
school-51506,lga19ee0d725d8c
school-51507,lga16d82bd5306a
school-51508,lga68ed6b749934
school-51509,lga68ed6b749934
school-51510,lga5bf1a288038c
school-51511,lga45bb210e889f
school-51512,lga0ea91c482c93
school-51513,lga0ea91c482c93
school-51514,lga4559e6ef11e9
school-51515,lga4559e6ef11e9
school-51516,lga0cc4ddc4db86
school-51518,lga3cd9f2694391
school-51519,lga2myCy2EsI_Km
school-51520,lga11ee462056ba
school-51521,lga2myCy2EsI_Km
school-51522,lga68ed6b749934
school-51523,lga68ed6b749934
school-51524,lgabaf7923db3cd
school-51525,lga3476c1d9fd7f
school-51527,lga5c66b4f8531c
school-51528,lga68ed6b749934
school-51529,lga3476c1d9fd7f
school-51531,lga2myCy2EsI_Km
school-52040,lga605d8cdb0eb8
school-52043,lga0f45891fa7ad
school-52044,lga0f45891fa7ad
school-52048,lga0f45891fa7ad
school-52049,lgaa5101cb3dc0e
school-52050,lga570242050fb9
school-52051,lga570242050fb9
school-52052,lgaef8006a5824e
school-52053,lga83ebf8381de8
school-52055,lga539121ae6aa1
school-52056,lga539121ae6aa1
school-52058,lga4ab258f19347
school-52059,lga4ab258f19347
school-52061,lga4ab258f19347
school-52062,lga9b1c2432d8c0
school-52065,lgaa5101cb3dc0e
school-52066,lgadd72d6dc964c
school-52067,lga5c7223f40d56
school-52068,lgab64f14d6026f
school-52069,lga1bf4b9703dd4
school-52070,lga945cdd1aa041
school-52072,lga81c3e6b6c380
school-52073,lga81c3e6b6c380
school-52076,lga18e5bcb45b78
school-52077,lga35f80aa51641
school-52079,lga7d9d7fde79ba
school-52080,lgae1e88444b382
school-52081,lgae1e88444b382
school-52083,lga2a2057496fb7
school-52084,act-territory
school-52085,lgadaad9912738b
school-52086,lgab64f14d6026f
school-52087,lgab64f14d6026f
school-52088,lga098f9fe7f215
school-52090,lga7ebdb393dc63
school-52094,lgadd6ba71d5cd0
school-52095,lga2513fbdd7033
school-52097,lgaf76bb579e827
school-52099,lgaf76bb579e827
school-52100,lgaf76bb579e827
school-52101,lgaf76bb579e827
school-52102,lga53026dafea91
school-52103,lgadd6ba71d5cd0
school-52104,lgadd6ba71d5cd0
school-52105,lga638d2708b9ab
school-52108,lga3476c1d9fd7f
school-52109,lgadd6ba71d5cd0
school-52110,lgadd6ba71d5cd0
school-52111,lgadd6ba71d5cd0
school-52112,lgaJ2LPN2y4pll0
school-52113,lgaJ2LPN2y4pll0
school-52114,lgaJ2LPN2y4pll0
school-52115,lga3476c1d9fd7f
school-52116,lga5bfafb32b8d5
school-52117,lga4449559268d6
school-52119,lga5bfafb32b8d5
school-52120,lga5bfafb32b8d5
school-52123,lgaa0f71a56be3f
school-52124,lga5591321694d6
school-52125,lga5591321694d6
school-52126,lga5bfafb32b8d5
school-52127,lga5591321694d6
school-52129,lga977c9605ab7d
school-52132,lgab3be0b9eb31a
school-52133,lga0930e8ebad68
school-52134,lgafa7d75c94e0c
school-52135,lgafa7d75c94e0c
school-52136,lgadbd419ff24e3
school-52138,lga15c9c80d4be7
school-52139,lgafa7d75c94e0c
school-52140,lga0450031d71ce
school-52141,lgafa7d75c94e0c
school-52142,lgaacfaedf6a58f
school-52144,lga891e1f62b45e
school-52145,lga891e1f62b45e
school-52146,lga9bd137c30d17
school-52147,lga53f7b61b0ed6
school-52149,lga691f580f3258
school-52150,lga691f580f3258
school-52151,lgadd7fe82edc77
school-52152,lgadd7fe82edc77
school-52153,lgadd7fe82edc77
school-52154,lgadd7fe82edc77
school-52155,lgadd7fe82edc77
school-52156,lgadd7fe82edc77
school-52157,lgad68479123642
school-52158,lga227fb535494c
school-52159,lga227fb535494c
school-52160,lga227fb535494c
school-52162,lga227fb535494c
school-52163,lga227fb535494c
school-52164,lgaa40be6b352b7
school-52165,lgaa40be6b352b7
school-52166,lgaedbf8eb2d054
school-52167,lgaedbf8eb2d054
school-52168,lgada11866a4071
school-52169,lga1a08aa92f8c2
school-52170,lga26260a89bb1b
school-52171,lga42b2fd54c1e9
school-52172,lga227fb535494c
school-52174,lgab70a9914e5bc
school-52175,lgab70a9914e5bc
school-52176,lgab70a9914e5bc
school-52177,lgab70a9914e5bc
school-52178,lgab70a9914e5bc
school-52180,lga48c76dfa462e
school-52181,lga28e3b9095cd3
school-52182,lgaa9c96a55e122
school-52183,lgaa9c96a55e122
school-52184,lgaa61a81fb4118
school-52185,lgaa61a81fb4118
school-52186,lga0eac1885ea16
school-52187,lga4eb6e129e4f4
school-52188,lgaee4000c6a5c1
school-52189,lga0ddc15fef4c5
school-52190,lga575ae7e97596
school-52191,lga575ae7e97596
school-52192,lga575ae7e97596
school-52193,lga575ae7e97596
school-52194,lga575ae7e97596
school-52195,lga2f887f3655b9
school-52197,lga1a793093877f
school-52198,lga1a793093877f
school-52199,lga1a793093877f
school-52201,lga1a793093877f
school-52202,lgaae260494d80c
school-52203,lgaae260494d80c
school-52204,lga7831afcaf1e2
school-52205,lga7831afcaf1e2
school-52206,lga744d9df35829
school-52207,lga6f3147bcaaee
school-52208,lgabff52ad8fdf9
school-52209,lga79b8fe15ee4f
school-52210,lga79b8fe15ee4f
school-52211,lga136d886cbd2c
school-52212,lgaa2fb93819c9e
school-52213,lga744d9df35829
school-52214,lga744d9df35829
school-52215,lga69dad94a9718
school-52216,lga69dad94a9718
school-52217,lgabff52ad8fdf9
school-52219,lgadbd419ff24e3
school-52222,lga77d96c3addfd
school-52223,lga77d96c3addfd
school-52224,lga5e8f0b6a35b1
school-52225,lga77d96c3addfd
school-52226,lga5e8f0b6a35b1
school-52227,lga5e8f0b6a35b1
school-52228,lga5e8f0b6a35b1
school-52230,lga72904b64c519
school-52231,lga72904b64c519
school-52232,lga72904b64c519
school-52233,lga136d886cbd2c
school-52234,lga136d886cbd2c
school-52235,lga136d886cbd2c
school-52236,lga891e1f62b45e
school-52237,lga69684c885dd2
school-52239,lgaac2e88625ea2
school-52240,lgaac2e88625ea2
school-52241,lgaf711db11e308
school-52243,lga42379c2c72f3
school-52244,lgafd22606d6b20
school-52245,lga2myCy2EsI_Km
school-52246,lga2myCy2EsI_Km
school-52247,lga8fb7499d80c3
school-52248,lgab79904b06b15
school-52249,lga12bb9336429b
school-52253,lga1FSamwQfor7X
school-52254,lga1FSamwQfor7X
school-52256,lgacbedc6edfda0
school-52257,lga9b1b1696edd4
school-52258,lgabaf7923db3cd
school-52259,lgabaf7923db3cd
school-52260,lga68ed6b749934
school-52261,lga68ed6b749934
school-52262,lga68ed6b749934
school-52264,lga68ed6b749934
school-52265,lgae7983979ea71
school-52266,lgae7983979ea71
school-52267,lga0a82ff04fef4
school-52268,lga946039bb144d
school-52269,lga946039bb144d
school-52270,lga45bb210e889f
school-52271,lgaf74ff9036145
school-52273,lga0d30a54abcf0
school-52275,lga7d1ac9e6f9f2
school-52276,lga7d1ac9e6f9f2
school-52278,lga1542e1fe6ca8
school-52279,lga579e63cc4329
school-52280,lga579e63cc4329
school-52281,lga4559e6ef11e9
school-52282,lga4559e6ef11e9
school-52283,lga4559e6ef11e9
school-52284,lgacb39af3c4099
school-52286,lgaef496d06ef50
school-52287,lga414bd8064616
school-52289,lgacbffb11990f2
school-52290,lgaed3a2c35aa46
school-52291,lga5f9b3011df30
school-52292,lgaf11c4f3e9ae0
school-52294,lgae7983979ea71
school-52295,lgab65bc8ec7820
school-52296,lga4449559268d6
school-52297,lgaac2e88625ea2
school-52298,lga224186279c28
school-52300,lgacbffb11990f2
school-52301,lgacbffb11990f2
school-52304,lgaeea486bb6672
school-52305,lgaeea486bb6672
school-52306,lga2e987509b39d
school-52307,lga54c309a48d69
school-52310,lga4ab258f19347
school-52311,lga1bf4b9703dd4
school-52314,lga18e02c07dc3d
school-52315,lga18e02c07dc3d
school-52317,lga945cdd1aa041
school-52318,lga945cdd1aa041
school-52319,lga83ebf8381de8
school-52320,lga4ab258f19347
school-52321,lga539121ae6aa1
school-52322,lga20e7710cab71
school-52323,lga9b7881f1ee35
school-52325,lga1bf4b9703dd4
school-52326,lga1bf4b9703dd4
school-52328,lga1bf4b9703dd4
school-52329,lgadaad9912738b
school-52331,lga0cd900c07cca
school-52339,lga88366278284a
school-52341,lgae04a9b8beff3
school-52343,lgaf1f1eef13783
school-52344,lgaf1f1eef13783
school-52345,lgaa70ee11ecfe2
school-52346,lgab64f14d6026f
school-52347,lgab64f14d6026f
school-52348,lga06490af4f38a
school-52349,lgaa70ee11ecfe2
school-52350,lgab64f14d6026f
school-52351,lgaa70ee11ecfe2
school-52352,lga88366278284a
school-52353,lga1bf4b9703dd4
school-52354,lga4ad25c8d4bff
school-52355,lgacf41226610f4
school-52356,lgac6194db78942
school-52357,lga695a89c7b19b
school-52358,lgac6194db78942
school-52359,lgaa5101cb3dc0e
school-52360,lga09dd4fbbc477
school-52361,lgac6194db78942
school-52362,lga5c7223f40d56
school-52363,lgadd72d6dc964c
school-52364,lga14af0b5e48b8
school-52367,lgae04a9b8beff3
school-52368,lga14af0b5e48b8
school-52369,lga605d8cdb0eb8
school-52372,lga11ee462056ba
school-52373,lgaf11c4f3e9ae0
school-52374,lga20e7710cab71
school-52377,lga2f887f3655b9
school-52378,lga69684c885dd2
school-52379,lga69684c885dd2
school-52380,lga42b2fd54c1e9
school-52381,lgaa61a81fb4118
school-52382,lga891e1f62b45e
school-52383,lga0930e8ebad68
school-52385,lga3476c1d9fd7f
school-52386,lgae7983979ea71
school-52387,lgaf2d2ad956e56
school-52388,lga539121ae6aa1
school-52390,lgaae260494d80c
school-52391,lga3476c1d9fd7f
school-52392,lga68ed6b749934
school-52395,lgaf06f63452dec
school-52396,lga11ee462056ba
school-52397,lga12bb9336429b
school-52398,lgaeb9321b0357b
school-52399,lgab70a9914e5bc
school-52400,lga16d82bd5306a
school-52402,lga68f11a29b468
school-52404,lgab9c7be05c331
school-52405,lgab70a9914e5bc
school-52406,lgaee4000c6a5c1
school-52412,lga99e9c6a53cea
school-52415,lga641dd61419d6
school-52419,lgac030388b8cd2
school-52421,lgadbd419ff24e3
school-52422,lgaee4000c6a5c1
school-52423,lga53f7b61b0ed6
school-52424,lga15c9c80d4be7
school-52429,lgadbd419ff24e3
school-52430,lga69684c885dd2
school-52431,lgaf1f1eef13783
school-52432,lga4ab258f19347
school-52433,lgab64f14d6026f
school-52434,lga1bf4b9703dd4
school-52435,lga1bf4b9703dd4
school-52436,lga18e02c07dc3d
school-52437,lga14af0b5e48b8
school-52438,lgaee0b3901a073
school-52439,lga376d180b8860
school-52440,lgaaf6116dc31d4
school-52441,lga659897202954
school-52442,lgad15a5a116e04
school-52443,lgad6bfe80090c5
school-52444,lga9a3fb907d43d
school-52445,lgaf711db11e308
school-52446,lgaf711db11e308
school-52447,lga12bb9336429b
school-52451,lga17db7019f3af
school-52452,lga42379c2c72f3
school-52453,lga12bb9336429b
school-52454,lgad15a5a116e04
school-52456,lgaaeff9c47295f
school-52458,lgafd22606d6b20
school-52459,lga2myCy2EsI_Km
school-52460,lgafd22606d6b20
school-52461,lga2d4caabc619c
school-52463,lga2myCy2EsI_Km
school-52467,lga99e9c6a53cea
school-52468,lga39b8f2c918bf
school-52470,lga5e8f0b6a35b1
school-52471,lga891e1f62b45e
school-52472,lga891e1f62b45e
school-52473,lgac69cfd288672
school-52474,lga891e1f62b45e
school-52475,lga53026dafea91
school-52476,lgaa0f71a56be3f
school-52477,lgaa0f71a56be3f
school-52478,lgaa0f71a56be3f
school-52479,lga3476c1d9fd7f
school-52480,lgadd6ba71d5cd0
school-52481,lgadd7fe82edc77
school-52482,lga5bfafb32b8d5
school-52483,lga4559e6ef11e9
school-52484,lga1542e1fe6ca8
school-52485,lga1542e1fe6ca8
school-52486,lga68ed6b749934
school-52487,lgae7983979ea71
school-52488,lga68ed6b749934
school-52489,lgaf2d2ad956e56
school-52490,lga68ed6b749934
school-52491,lgaeb9321b0357b
school-52492,lgaeb9321b0357b
school-52493,lgaaeff9c47295f
school-52497,lgaa9ec4359b5d6
school-52499,lgaaeff9c47295f
school-52500,lga2myCy2EsI_Km
school-52501,lgaa9ec4359b5d6
school-52504,lga579e63cc4329
school-52507,lga744170e79f38
school-52508,lgaaf6116dc31d4
school-52511,lga5971dfaf3433
school-52512,lgae13aad3a393a
school-52513,lgaa5101cb3dc0e
school-52514,lgab70a9914e5bc
school-52515,lga4d167b5c075b
school-52516,lgad68479123642
school-52517,lgadd6ba71d5cd0
school-52521,lgae1dcbacb8510
school-52522,lgaf76bb579e827
school-52523,lga891e1f62b45e
school-52524,lgae1dcbacb8510
school-52525,lga227fb535494c
school-52526,lga2513fbdd7033
school-52527,lga0930e8ebad68
school-52529,lgaf76bb579e827
school-52530,lga575ae7e97596
school-52531,lga15c9c80d4be7
school-52532,lga227fb535494c
school-52533,lga53026dafea91
school-52535,lga5bfafb32b8d5
school-52536,lga5e8f0b6a35b1
school-52537,lga638d2708b9ab
school-52539,lgab65bc8ec7820
school-52541,lga2513fbdd7033
school-52542,lga3476c1d9fd7f
school-52543,lga0450031d71ce
school-52544,lgaf76bb579e827
school-52545,lgab65bc8ec7820
school-52548,lga0450031d71ce
school-52549,lga2513fbdd7033
school-52550,lga4449559268d6
school-52551,lga4449559268d6
school-52553,lga0930e8ebad68
school-52555,lgadd6ba71d5cd0
school-52556,lgab70a9914e5bc
school-52557,lga227fb535494c
school-52559,lga1a793093877f
school-52560,lgab65bc8ec7820
school-52561,lga638d2708b9ab
school-52562,lga4449559268d6
school-52563,lgad68479123642
school-52564,lgafa7d75c94e0c
school-52565,lgadd6ba71d5cd0
school-52566,lgadd7fe82edc77
school-52567,lga3fe8017e2eff
school-52573,lgacc6a33b87371
school-52574,lga3476c1d9fd7f
school-52575,lgaa5189b29870a
school-52576,lga1FSamwQfor7X
school-52577,lgac69cfd288672
school-52578,lgae7983979ea71
school-52579,lga946039bb144d
school-52580,lgacb39af3c4099
school-52581,lga5bf1a288038c
school-52582,lga68ed6b749934
school-52583,lgacb39af3c4099
school-52585,lgaf4d7671cd990
school-52586,lgaeb9321b0357b
school-52587,lgad68479123642
school-52589,lga227fb535494c
school-52590,lga227fb535494c
school-52591,lgaa0f71a56be3f
school-52592,lga53f7b61b0ed6
school-52593,lga4449559268d6
school-52594,lga42b2fd54c1e9
school-52595,lga53026dafea91
school-52597,lgad6bfe80090c5
school-52604,lgaaeff9c47295f
school-52605,lga1FSamwQfor7X
school-52607,lgaaf6116dc31d4
school-52608,lgaa9ec4359b5d6
school-52609,lga12bb9336429b
school-52610,lgaaeff9c47295f
school-52611,lgad15a5a116e04
school-52612,lga54c309a48d69
school-52613,lgac20f675def30
school-52614,lga09dd4fbbc477
school-52615,lga18e02c07dc3d
school-52616,lgaf4a6cf558a8a
school-52617,lga605d8cdb0eb8
school-52618,lga5c7223f40d56
school-52619,lga2e3aa047bd58
school-52620,lga18e02c07dc3d
school-52621,lgae1e88444b382
school-52622,lgaf4a6cf558a8a
school-52624,lga227fb535494c
school-52626,lgadd7fe82edc77
school-52627,lga227fb535494c
school-52628,lga5e8f0b6a35b1
school-52629,lga53f7b61b0ed6
school-52633,lgaac2e88625ea2
school-52634,lgaca1dd9cec0f0
school-52635,lga641dd61419d6
school-52638,lgadf196edd3a41
school-52639,lga695a89c7b19b
school-52640,lgae04a9b8beff3
school-52641,lga945cdd1aa041
school-52642,lgaeb9321b0357b
school-52643,lga9bd137c30d17
school-52644,lga2f887f3655b9
school-52645,lga227fb535494c
school-52646,lgaf711db11e308
school-52647,lgafd22606d6b20
school-52648,lgafd22606d6b20
school-52649,lgaf711db11e308
school-52650,lgaf711db11e308
school-52651,lga12bb9336429b
school-52652,lgaf711db11e308
school-52653,lgab855ea38a0b7
school-52654,lgae7983979ea71
school-52655,lga45bb210e889f
school-52656,lga4559e6ef11e9
school-52657,lga68ed6b749934
school-52658,lga1542e1fe6ca8
school-52659,lga0ea91c482c93
school-52660,lga86925da5ab9b
school-52661,lga5bf1a288038c
school-52662,lga946039bb144d
school-52664,lgacb39af3c4099
school-52665,lga66fa01403049
school-52666,lga2myCy2EsI_Km
school-52667,lgae1728aa315f4
school-52668,lgaf45ca84fe363
school-52669,lga4200d998f24c
school-52670,lgacd5e92fad2d8
school-52671,lga5971dfaf3433
school-52672,act-territory
school-52673,lga4d167b5c075b
school-52674,lgad15a5a116e04
school-52675,lgaf45ca84fe363
school-52677,lga641dd61419d6
school-52678,lga641dd61419d6
school-52679,lga4ad25c8d4bff
school-52680,lgac030388b8cd2
school-52681,lga1bed9266d38b
school-52682,lgaaf6116dc31d4
school-52683,lgae7983979ea71
school-52684,lgaed3a2c35aa46
school-52685,act-territory
school-52686,act-territory
school-52688,lgaf711db11e308
school-52689,lgafd22606d6b20
school-52691,lga53026dafea91
school-52692,lga79b8fe15ee4f
school-52693,lga42b2fd54c1e9
school-52694,lgac69cfd288672
school-52695,lgad68479123642
school-52696,lga3476c1d9fd7f
school-52697,lgaa0f71a56be3f
school-52698,lgae1dcbacb8510
school-52699,lga5bfafb32b8d5
school-52700,lga53026dafea91
school-52701,lga53026dafea91
school-52702,lgab70a9914e5bc
school-52703,lga4449559268d6
school-52704,lga539121ae6aa1
school-52705,lga2a2057496fb7
school-52706,lgae04a9b8beff3
school-52707,lgaed9e730476c1
school-52708,lgaf5a773172c52
school-52709,lgafd22606d6b20
school-52710,lgaa61a81fb4118
school-52712,lgadd6ba71d5cd0
school-52713,lgac20f675def30
school-52715,lga99e9c6a53cea
school-52716,lga5971dfaf3433
school-52719,lga03a912e8133a
school-52720,lgae04a9b8beff3
school-52721,lga5971dfaf3433
school-52722,lgac20f675def30
school-52723,lga18e5bcb45b78
school-52724,lgaf4a6cf558a8a
school-52725,lga570242050fb9
school-52726,lga098f9fe7f215
school-52727,lga539121ae6aa1
school-52728,lgaeea486bb6672
school-52729,lgac20f675def30
school-52730,lga5c7223f40d56
school-52731,lgae04a9b8beff3
school-52732,lga575ae7e97596
school-52733,lgaee4000c6a5c1
school-52734,lgac69cfd288672
school-52735,lga1a793093877f
school-52736,lga5bfafb32b8d5
school-52737,lga12bb9336429b
school-52738,lga4200d998f24c
school-52740,lga2d4caabc619c
school-52743,lgaf711db11e308
school-52744,lgad7dd78a474c5
school-52745,lgad15a5a116e04
school-52747,lgae334d98be608
school-52748,lgaVgu0GvW1EC5u
school-52749,lga379ed169b677
school-52750,lga4559e6ef11e9
school-52751,lga4559e6ef11e9
school-52752,lga379ed169b677
school-52753,lga0dd57caaec14
school-52754,lga4559e6ef11e9
school-52755,lga379ed169b677
school-52756,lgacfca57f84e65
school-52757,lga5fa4aba46d55
school-52758,lgacc6a33b87371
school-52760,lgad15a5a116e04
school-52761,lga10f7407af335
school-52762,lga4559e6ef11e9
school-52763,lgae7983979ea71
school-52764,lga68ed6b749934
school-52765,lga946039bb144d
school-52766,lga5bf1a288038c
school-52767,lga66fa01403049
school-52768,lga68ed6b749934
school-52769,lga1d9cab11a368
school-52770,lga4559e6ef11e9
school-52771,lga891e1f62b45e
school-52772,lga53026dafea91
school-52773,lga891e1f62b45e
school-52774,lgab70a9914e5bc
school-52775,lga53026dafea91
school-52776,lga891e1f62b45e
school-52777,lga227fb535494c
school-52778,lgab65bc8ec7820
school-52779,lga3476c1d9fd7f
school-52780,lga53026dafea91
school-52781,lga42b2fd54c1e9
school-52782,lga53026dafea91
school-52783,lgae1dcbacb8510
school-52784,lgaa0f71a56be3f
school-52785,lga3476c1d9fd7f
school-52786,lgaa0f71a56be3f
school-52789,lgae1e88444b382
school-52792,lga59db913dcc12
school-52793,lgaa9ec4359b5d6
school-52794,lga0dd57caaec14
school-52795,lga2myCy2EsI_Km
school-52796,lga3ec5fd5ac40a
school-52798,lga16d82bd5306a
school-52799,lga1FSamwQfor7X
school-52800,lga511d862349e9
school-52801,lgaf45ca84fe363
school-52802,lgaf711db11e308
school-52803,lga2myCy2EsI_Km
school-52804,lgaaeff9c47295f
school-52805,lgad15a5a116e04
school-52806,lgafd22606d6b20
school-52807,lga2myCy2EsI_Km
school-52808,lgafd22606d6b20
school-52810,lga1a793093877f
school-52813,lga2513fbdd7033
school-52814,lga2513fbdd7033
school-52815,lgab65bc8ec7820
school-52816,lgadd6ba71d5cd0
school-52817,lga227fb535494c
school-52818,lga376d180b8860
school-52820,lgaf1f1eef13783
school-52821,lgad764fa589d34
school-52822,lgafd22606d6b20
school-52825,lga35f80aa51641
school-52826,lga242fb40d92ce
school-52827,lga605d8cdb0eb8
school-52828,lga2a2057496fb7
school-52829,lga2a2057496fb7
school-52830,lga20e7710cab71
school-52831,lgaf1f1eef13783
school-52832,lgaaf6116dc31d4
school-52833,lga4f3ca10078b8
school-52834,lga2f8a5155a29b
school-52835,lga1542e1fe6ca8
school-52836,lgabaf7923db3cd
school-52837,lgad15a5a116e04
school-52838,lga3ae8a31b9e30
school-52841,lga2d4caabc619c
school-52843,lga3ae8a31b9e30
school-52844,lgaf711db11e308
school-52845,lga5fa4aba46d55
school-52846,lga3fe8017e2eff
school-52848,lgab64f14d6026f
school-52849,lgaf711db11e308
school-52851,lgaae260494d80c
school-52852,lga5591321694d6
school-52853,lga0dd57caaec14
school-52854,lga3cd9f2694391
school-52855,lga45bb210e889f
school-52856,lga4eb6e129e4f4
school-52857,lga227fb535494c
school-52858,lga227fb535494c
school-52859,lga691f580f3258
school-52860,lga891e1f62b45e
school-52861,lgaac2e88625ea2
school-52862,lga599c2b7703f6
school-52864,lga99e9c6a53cea
school-52866,lgaaeff9c47295f
school-52867,lgad15a5a116e04
school-52868,lgad15a5a116e04
school-52870,lga2myCy2EsI_Km
school-52871,lga2myCy2EsI_Km
school-52872,lgafd22606d6b20
school-52873,lgafd22606d6b20
school-52874,lgaf711db11e308
school-52875,lga376d180b8860
school-52877,lga11ee462056ba
school-52878,lga1bf4b9703dd4
school-52879,lga81c3e6b6c380
school-52880,lga68ed6b749934
school-52881,lgabaf7923db3cd
school-52882,lga946039bb144d
school-52883,lga1542e1fe6ca8
school-52884,lga579e63cc4329
school-52885,lga3eb9e8612da7
school-52886,lgaa9ec4359b5d6
school-52887,lgaa9ec4359b5d6
school-52888,lgaaeff9c47295f
school-52889,lgaa9ec4359b5d6
school-52890,lgaf0c8381b1cf5
school-52891,lgac07fca595aa9
school-52892,lga227fb535494c
school-52893,lga227fb535494c
school-52894,lgae1728aa315f4
school-52895,lgaf711db11e308
school-52896,lga2d4caabc619c
school-52897,lgaec33a9b45493
school-52898,lga2myCy2EsI_Km
school-52899,lga86065e3c6844
school-52900,lga39b8f2c918bf
school-52901,act-territory
school-52902,lga946039bb144d
school-52903,lgabaf7923db3cd
school-52904,lga68ed6b749934
school-52906,lga86925da5ab9b
school-52907,lgacb39af3c4099
school-52908,lgaf2d2ad956e56
school-52909,lga4559e6ef11e9
school-52911,lga2myCy2EsI_Km
school-52912,lgaa0f71a56be3f
school-52913,lga42b2fd54c1e9
school-52914,lgac69cfd288672
school-52915,lgadd6ba71d5cd0
school-52916,lga53026dafea91
school-52917,lga3476c1d9fd7f
school-52918,lga53026dafea91
school-52919,lga891e1f62b45e
school-52920,lga891e1f62b45e
school-52921,lgac69cfd288672
school-52922,lgaa0f71a56be3f
school-52923,lga227fb535494c
school-52924,lgaf711db11e308
school-52925,lga973150bcdd61
school-52926,lga7d1ac9e6f9f2
school-52927,lgab64f14d6026f
school-52928,lga2a2057496fb7
school-52929,lgae1e88444b382
school-52930,lgab64f14d6026f
school-52931,lga03a912e8133a
school-52932,act-territory
school-52933,lga88366278284a
school-52934,lga3476c1d9fd7f
school-52935,lga3476c1d9fd7f
school-52936,lga42b2fd54c1e9
school-52937,lga638d2708b9ab
school-52938,lgaa5189b29870a
school-52939,lgaaeff9c47295f
school-52940,lgae51387f515c9
school-52941,lga68f11a29b468
school-52942,lgaa51eac91a650
school-52943,lga5971dfaf3433
school-52944,lga5c7223f40d56
school-52945,lgaf0c8381b1cf5
school-52946,lgae1e88444b382
school-52947,lga605d8cdb0eb8
school-52948,lgaa70ee11ecfe2
school-52949,lga8fa0b5da0f3d
school-52950,lga0eac1885ea16
school-52951,lga2513fbdd7033
school-52952,lgae7983979ea71
school-52953,lgaef496d06ef50
school-52954,lgae7983979ea71
school-52955,lga0ea91c482c93
school-52956,lga7d1ac9e6f9f2
school-52957,lga11926c8a5e34
school-52958,lga1542e1fe6ca8
school-52959,lgabaf7923db3cd
school-52960,lga11926c8a5e34
school-52961,lga11926c8a5e34
school-52962,lga66fa01403049
school-52963,lga66fa01403049
school-52964,lgab9a0794b42cb
school-52965,lga68ed6b749934
school-52966,lga0ea91c482c93
school-52967,lga6cd8632bd9ac
school-52968,lga0ea91c482c93
school-52970,lgaf711db11e308
school-52971,lgad15a5a116e04
school-52972,lga12bb9336429b
school-52974,lgafd22606d6b20
school-52975,lga2d4caabc619c
school-52976,lga39b8f2c918bf
school-52977,lgae1dcbacb8510
school-52978,lga6f3147bcaaee
school-52979,lga9bd137c30d17
school-52980,lga53026dafea91
school-52981,lga9bd137c30d17
school-52982,lga53026dafea91
school-52983,lga77d96c3addfd
school-52984,lgab3be0b9eb31a
school-52985,lga891e1f62b45e
school-52986,lgafa7d75c94e0c
school-52987,lgaee4000c6a5c1
school-52988,lga5bfafb32b8d5
school-52989,lgadd6ba71d5cd0
school-52990,lga53f7b61b0ed6
school-52991,lgadbd419ff24e3
school-52992,lgad68479123642
school-52993,lga3476c1d9fd7f
school-52994,lga227fb535494c
school-52995,lga891e1f62b45e
school-52996,lga8f7ed7c51d73
school-52997,lga521465c2ad4a
school-52998,lgac6194db78942
school-52999,lgab64f14d6026f
school-53000,lgab64f14d6026f
school-53001,lgac07fca595aa9
school-53002,lga03a912e8133a
school-53003,lgae1e88444b382
school-53004,lga1bf4b9703dd4
school-53005,lga83ebf8381de8
school-53006,lgab64f14d6026f
school-53007,lga54c309a48d69
school-53008,lga376d180b8860
school-53009,lga1bed9266d38b
school-53010,lga6865b59a3293
school-53012,lga68ed6b749934
school-53013,lgacb39af3c4099
school-53014,lgae7983979ea71
school-53015,lga4449559268d6
school-53016,lga42b2fd54c1e9
school-53017,lga1cecb0a38f64
school-53018,lga5fa4aba46d55
school-53019,lgaf56cee514c44
school-53020,lga5e8f0b6a35b1
school-53021,lga5e8f0b6a35b1
school-53022,lga2myCy2EsI_Km
school-53025,lgaf711db11e308
school-53026,lga6af8f571f4ac
school-53027,lgaf711db11e308
school-53028,lgaa5189b29870a
school-53030,lgae219685f904a
school-53031,lga4559e6ef11e9
school-53032,lga86925da5ab9b
school-53033,lgacddbacde759d
school-53034,lga39b8f2c918bf
school-53035,lga16d82bd5306a
school-53036,lga99dcfd338775
school-53037,lga99e9c6a53cea
school-53038,lga16d82bd5306a
school-53039,lga39b8f2c918bf
school-53040,lga945cdd1aa041
school-53041,lga8f7ed7c51d73
school-53042,lga5971dfaf3433
school-53043,lgac030388b8cd2
school-53044,lgae1e88444b382
school-53045,lgaa0f71a56be3f
school-53047,lga42b2fd54c1e9
school-53048,lga42b2fd54c1e9
school-53049,lga59db913dcc12
school-53050,lgaaeff9c47295f
school-53051,lgaaeff9c47295f
school-53052,lgad15a5a116e04
school-53053,lgaa9ec4359b5d6
school-53054,act-territory
school-53055,lga5971dfaf3433
school-53056,lgaa33bbd294e17
school-53057,lgae334d98be608
school-53058,lgae334d98be608
school-53059,lgae7983979ea71
school-53060,lga1bf4b9703dd4
school-53061,lga42b2fd54c1e9
school-53062,lga42b2fd54c1e9
school-53063,lga3476c1d9fd7f
school-53064,lgaa61a81fb4118
school-53065,lga891e1f62b45e
school-53066,lgaa0f71a56be3f
school-53067,lga891e1f62b45e
school-53068,lga891e1f62b45e
school-53069,lgad68479123642
school-53070,lga3476c1d9fd7f
school-53071,lgae1dcbacb8510
school-53072,lga9bd137c30d17
school-53073,lgaac2e88625ea2
school-53074,lga4449559268d6
school-53076,lgad15a5a116e04
school-53079,lga12bb9336429b
school-53080,lga39b8f2c918bf
school-53082,lga11ee462056ba
school-53083,lga695a89c7b19b
school-53084,lga1bf4b9703dd4
school-53085,lga14af0b5e48b8
school-53087,lgacbffb11990f2
school-53088,lga3476c1d9fd7f
school-53089,lga42b2fd54c1e9
school-53090,lga891e1f62b45e
school-53091,lgaacfaedf6a58f
school-53092,lgaa0f71a56be3f
school-53093,lga891e1f62b45e
school-53094,lga977c9605ab7d
school-53095,lga946039bb144d
school-53096,lga0a82ff04fef4
school-53097,lga4559e6ef11e9
school-53098,lgab89e443e1890
school-53099,lgaaeff9c47295f
school-53100,lgad15a5a116e04
school-53101,lgad15a5a116e04
school-53103,lgaf711db11e308
school-53104,lgafd22606d6b20
school-53105,lga1a793093877f
school-53106,lga54c309a48d69
school-53107,lgacf41226610f4
school-53108,lga2e987509b39d
school-53109,lgadbd419ff24e3
school-53110,lga7d9d7fde79ba
school-53111,lga0cd900c07cca
school-53112,lga744170e79f38
school-53113,lga744170e79f38
school-53114,lga744170e79f38
school-53115,lga744170e79f38
school-53116,lga744170e79f38
school-53117,lga4ab258f19347
school-53118,lga7d1ac9e6f9f2
school-53119,lga7d1ac9e6f9f2
school-53120,lgaa5189b29870a
school-53121,lga19ee0d725d8c
school-53122,lga42b2fd54c1e9
school-53123,lgadbd419ff24e3
school-53124,lgaa40be6b352b7
school-53125,lga579e63cc4329
school-53126,lga20efe678919a
school-53127,lga42379c2c72f3
school-53128,lgae01a99dc2d13
school-53129,lgae7983979ea71
school-53130,lga1542e1fe6ca8
school-53131,lgad293701a4487
school-53132,lgaf74ff9036145
school-53133,lga691f580f3258
school-53134,lga69684c885dd2
school-53135,lgac69cfd288672
school-53136,lga69684c885dd2
school-53137,lga69684c885dd2
school-53138,lgae7983979ea71
school-53140,lgad15a5a116e04
school-53141,lga42379c2c72f3
school-53142,lgaaeff9c47295f
school-53143,lgaaeff9c47295f
school-53145,lgae7983979ea71
school-53146,lga1542e1fe6ca8
school-53147,lgacbffb11990f2
school-53148,lgaa9ec4359b5d6
school-53149,lgafd22606d6b20
school-53150,lgafd22606d6b20
school-53151,lgad15a5a116e04
school-53152,lga2d4caabc619c
school-53153,lgaa9ec4359b5d6
school-53154,lgaaeff9c47295f
school-53155,lgaf1f1eef13783
school-53156,lga11ee462056ba
school-53157,act-territory
school-53158,lga2f576c5dcf45
school-53159,act-territory
school-53160,lgac07fca595aa9
school-53161,lga744f59098827
school-53162,lga5c7223f40d56
school-53163,lga641dd61419d6
school-53164,lga2a2057496fb7
school-53165,lgaf11c4f3e9ae0
school-53166,lgadc18daa4e36a
school-53167,lgaf711db11e308
school-53168,lga2d4caabc619c
school-53169,lgaf45ca84fe363
school-53170,lga5971dfaf3433
school-53171,lga2a2057496fb7
school-53172,lga80114cd78624
school-53173,lgaa33bbd294e17
school-53174,lgaf76bb579e827
school-53175,lgaa0f71a56be3f
school-53176,lgaa0f71a56be3f
school-53177,lga53026dafea91
school-53178,lga53026dafea91
school-53179,lgac69cfd288672
school-53180,lga42b2fd54c1e9
school-53181,lga53026dafea91
school-53182,lga53026dafea91
school-53183,lga53f7b61b0ed6
school-53184,lga9bd137c30d17
school-53185,lga891e1f62b45e
school-53186,lga3476c1d9fd7f
school-53187,lgaa0f71a56be3f
school-53188,lga3476c1d9fd7f
school-53189,lgadd6ba71d5cd0
school-53190,lga891e1f62b45e
school-53191,lga53026dafea91
school-53192,lga3fe8017e2eff
school-53193,lga99e9c6a53cea
school-53194,lga987936deba94
school-53195,lgae04a9b8beff3
school-53196,lgae1e88444b382
school-53197,lgab64f14d6026f
school-53198,lga06490af4f38a
school-53199,lgaf711db11e308
school-53200,lgafd22606d6b20
school-53201,lgad15a5a116e04
school-53202,lga59db913dcc12
school-53203,lga12bb9336429b
school-53204,lgaf711db11e308
school-53205,lgae7983979ea71
school-53206,lgae7983979ea71
school-53207,lga946039bb144d
school-53208,lgae7983979ea71
school-53209,lgae7983979ea71
school-53210,lga249121dcca41
school-53211,lgabaf7923db3cd
school-53212,lga12712c7fbac0
school-53213,lgaa5189b29870a
school-53214,lgace51bb223ee3
school-53215,lga1a793093877f
school-53216,lga4449559268d6
school-53217,lga3476c1d9fd7f
school-53218,lgadd72d6dc964c
school-53219,lga03a912e8133a
school-53220,lga09dd4fbbc477
school-53221,lga605d8cdb0eb8
school-53222,lgaa5101cb3dc0e
school-53223,lga11ee462056ba
school-53224,lga86925da5ab9b
school-53225,lgab09f307c62c1
school-53226,lga744170e79f38
school-53227,lga2d4caabc619c
school-53228,lga42379c2c72f3
school-53229,lgaaeff9c47295f
school-53230,lgaf711db11e308
school-53231,lgaaeff9c47295f
school-53232,lga4ad25c8d4bff
school-53233,lgac281ed8b03fe
school-53234,lga54c309a48d69
school-53235,lgab70a9914e5bc
school-53236,lga638d2708b9ab
school-53237,lga42b2fd54c1e9
school-53238,lgab65bc8ec7820
school-53239,lga224186279c28
school-53240,lga3476c1d9fd7f
school-53241,lga5591321694d6
school-53242,lga227fb535494c
school-53243,lgadd7fe82edc77
school-53244,lga3fe8017e2eff
school-53245,lgafd22606d6b20
school-53246,lga42379c2c72f3
school-53247,lga744170e79f38
school-53248,lgaf15ebed6de98
school-53249,lgab79904b06b15
school-53250,act-territory
school-53251,act-territory
school-53252,lgaa40be6b352b7
school-53253,lga227fb535494c
school-53254,lgadd6ba71d5cd0
school-53255,lgad68479123642
school-53256,lgaa5101cb3dc0e
school-53257,lga68ed6b749934
school-53258,lgae7983979ea71
school-53259,lga5c9fb4d86069
school-53260,lgaa0f71a56be3f
school-53261,lga42b2fd54c1e9
school-53262,lgadd6ba71d5cd0
school-53263,lgaf4d7671cd990
school-53264,lga42b2fd54c1e9
school-53265,lga575ae7e97596
school-53266,lga3476c1d9fd7f
school-53267,lga4ad25c8d4bff
school-53268,lga4ad25c8d4bff
school-53269,lga59db913dcc12
school-53270,lgad15a5a116e04
school-53271,lgaf45ca84fe363
school-53272,lgaf711db11e308
school-53273,lga42379c2c72f3
school-53274,lgaaeff9c47295f
school-53275,lgaa9ec4359b5d6
school-53276,lga570242050fb9
school-53277,lga0cd900c07cca
school-53278,lga28f729e1ef22
school-53279,lga0cd900c07cca
school-53280,lga2myCy2EsI_Km
school-53281,lga2myCy2EsI_Km
school-53282,lgaaeff9c47295f
school-53283,lgaaeff9c47295f
school-53284,lga12bb9336429b
school-53285,lga59db913dcc12
school-53286,lgae7983979ea71
school-53287,lga11926c8a5e34
school-53288,lgab9a0794b42cb
school-53289,lga4ab258f19347
school-53290,lga1bf4b9703dd4
school-53291,lga539121ae6aa1
school-53292,lga54c309a48d69
school-53293,lga54c309a48d69
school-53294,lga35f80aa51641
school-53295,lgaf4a6cf558a8a
school-53296,lgac030388b8cd2
school-53297,lga53026dafea91
school-53298,lga3476c1d9fd7f
school-53299,lga891e1f62b45e
school-53300,lga53026dafea91
school-53301,lga42b2fd54c1e9
school-53302,lga3476c1d9fd7f
school-53303,lgac69cfd288672
school-53304,lga53026dafea91
school-53305,lga53026dafea91
school-53306,lga42b2fd54c1e9
school-53307,lga53026dafea91
school-53308,lga42b2fd54c1e9
school-53309,lga53026dafea91
school-53310,lga72904b64c519
school-53311,lga53026dafea91
school-53312,lga53026dafea91
school-53313,lga53026dafea91
school-53314,lga891e1f62b45e
school-53315,lga891e1f62b45e
school-53316,lgadd6ba71d5cd0
school-53317,lgadd6ba71d5cd0
school-53318,lgab65bc8ec7820
school-53319,lga66d4787a28c4
school-53320,lga12bb9336429b
school-53321,lga2a2057496fb7
school-53322,lga2e987509b39d
school-53323,lga539121ae6aa1
school-53324,lga11ee462056ba
school-53325,lgab64f14d6026f
school-53326,lgab64f14d6026f
school-53327,lgab64f14d6026f
school-53328,lga5e8f0b6a35b1
school-53329,lgadd6ba71d5cd0
school-53330,lga53026dafea91
school-53331,lgacbedc6edfda0
school-53332,lga59db913dcc12
school-53333,lgaa0f71a56be3f
school-53334,lga53026dafea91
school-53335,lgaJ2LPN2y4pll0
school-53336,lgaa0f71a56be3f
school-53337,lga53026dafea91
school-53338,lga224186279c28
school-53339,lga891e1f62b45e
school-53340,lgadd7fe82edc77
school-53341,lga1a793093877f
school-53342,lgaf711db11e308
school-53343,lgafd22606d6b20
school-53344,lgae6614bd759c6
school-53345,lgafd22606d6b20
school-53346,lgaf711db11e308
school-53347,lgacc9efa3d7182
school-53348,lgaa9ec4359b5d6
school-53349,lgaf711db11e308
school-53350,lgaf711db11e308
school-53351,lgad15a5a116e04
school-53352,lgad15a5a116e04
school-53353,lgafd22606d6b20
school-53354,lgaaeff9c47295f
school-53355,lgaaeff9c47295f
school-53356,lga8f7ed7c51d73
school-53357,lga605d8cdb0eb8
school-53358,lga7aa37c79c7ff
school-53359,lgadd72d6dc964c
school-53360,lga945cdd1aa041
school-53361,lgacea61e3f056e
school-53362,lga2319b5472a93
school-53363,lga25332b122f1e
school-53364,lga5c99cd452105
school-53365,lga579e63cc4329
school-53366,lga946039bb144d
school-53367,lgab70a9914e5bc
school-53368,lgadbd419ff24e3
school-53369,lga53026dafea91
school-53370,lgafd22606d6b20
school-53371,lgad15a5a116e04
school-53372,lgaa5189b29870a
school-53373,lga1FSamwQfor7X
school-53374,lga15c9c80d4be7
school-53375,lgae1728aa315f4
school-53376,lgaf711db11e308
school-53377,act-territory
school-53378,lgaf711db11e308
school-53379,lga945cdd1aa041
school-53380,lga16d82bd5306a
school-53381,lgaac2e88625ea2
school-53382,lgadd6ba71d5cd0
school-53383,lga20efe678919a
school-53384,lga20efe678919a
school-53385,lgae7983979ea71
school-53386,lgaef496d06ef50
school-53387,lgacb39af3c4099
school-53388,lga6f3147bcaaee
school-53389,lgaS9n9ukxb2J06
school-53390,lgacea61e3f056e
school-53391,lgaf711db11e308
school-53392,lga42379c2c72f3
school-53393,lga2myCy2EsI_Km
school-53394,lga605d8cdb0eb8
school-53395,lgab64f14d6026f
school-53396,lgae04a9b8beff3
school-53397,lga5971dfaf3433
school-53398,lga09dd4fbbc477
school-53399,lga2a2057496fb7
school-53400,lgaa0f71a56be3f
school-53401,lgafe5600ae3561
school-53402,lga834b76840988
school-53403,lgaf45ca84fe363
school-53404,lgaa9ec4359b5d6
school-53405,lga8fb7499d80c3
school-53406,lga3ae8a31b9e30
school-53407,lga68f11a29b468
school-53408,lga6af8f571f4ac
school-53409,lga64a4ed31c67d
school-53410,lgad15a5a116e04
school-53411,lgaf711db11e308
school-53412,lgaf711db11e308
school-53413,lga12bb9336429b
school-53414,lga12bb9336429b
school-53415,lgad15a5a116e04
school-53416,lga2myCy2EsI_Km
school-53417,lgae4cb9a1dd6df
school-53418,lga5971dfaf3433
school-53419,lga570242050fb9
school-53420,lgae04a9b8beff3
school-53421,lgab59cd333b8fb
school-53422,lgab9f1c7ce8f4c
school-53423,lga5c7223f40d56
school-53424,lga1bf4b9703dd4
school-53425,lga4ab258f19347
school-53426,lgacd5e92fad2d8
school-53427,lgaaeff9c47295f
school-53428,lgaf711db11e308
school-53429,lgafd22606d6b20
school-53430,lga2myCy2EsI_Km
school-53431,lgab64f14d6026f
school-53432,lga1bf4b9703dd4
school-53433,lga1bf4b9703dd4
school-53434,lgad68479123642
school-53435,lga1a793093877f
school-53436,lga53026dafea91
school-53437,lga227fb535494c
school-53438,lga227fb535494c
school-53439,lga227fb535494c
school-53440,lgac69cfd288672
school-53441,lga891e1f62b45e
school-53442,lga891e1f62b45e
school-53443,lgaa0f71a56be3f
school-53444,lga891e1f62b45e
school-53445,lga946039bb144d
school-53446,lgaef496d06ef50
school-53447,lgaf98fbb5e40bf
school-53448,lga34d12d967e41
school-53449,lga35f80aa51641
school-53450,lgac07fca595aa9
school-53451,lga744d9df35829
school-53452,lga5bfafb32b8d5
school-53453,lga4eb6e129e4f4
school-53454,lga0450031d71ce
school-53455,lga9bd137c30d17
school-53456,lgaf4d7671cd990
school-53457,lga6f3147bcaaee
school-53458,lga42b2fd54c1e9
school-53459,lga53026dafea91
school-53460,lgaa0f71a56be3f
school-53461,lga4eb6e129e4f4
school-53462,lga4449559268d6
school-53463,lgaf76bb579e827
school-53464,lga53026dafea91
school-53465,lga891e1f62b45e
school-53466,lga53026dafea91
school-53467,lgaa0f71a56be3f
school-53468,lga5c66b4f8531c
school-53469,lga5bfafb32b8d5
school-53470,lga2513fbdd7033
school-53471,lga891e1f62b45e
school-53472,lga77d96c3addfd
school-53473,lgaacfaedf6a58f
school-53474,lgaf711db11e308
school-53475,lgaf711db11e308
school-53476,lga2myCy2EsI_Km
school-53477,lgaf711db11e308
school-53478,lgad15a5a116e04
school-53479,lga2d4caabc619c
school-53480,lgaa9ec4359b5d6
school-53481,lga4d17dd509547
school-53482,lgafd22606d6b20
school-53483,lgad15a5a116e04
school-53484,lga2myCy2EsI_Km
school-53485,lgaaeff9c47295f
school-53486,lga2d4caabc619c
school-53487,lgaa9c96a55e122
school-53488,lga1aae6e9a27ff
school-53489,lgac69cfd288672
school-53490,lgadd6ba71d5cd0
school-53491,lgaae260494d80c
school-53492,lgae334d98be608
school-53493,lgabaf7923db3cd
school-53494,lga6cd8632bd9ac
school-53495,lga6cd8632bd9ac
school-53496,lga68ed6b749934
school-53497,lga68ed6b749934
school-53498,lga946039bb144d
school-53499,lga6cd8632bd9ac
school-53500,lga511d862349e9
school-53501,lga8f7ed7c51d73
school-53502,act-territory
school-53503,act-territory
school-53504,lgaa9ec4359b5d6
school-53505,lgaf11c4f3e9ae0
school-53506,lgafd22606d6b20
school-53507,lga2d4caabc619c
school-53508,lgaee4000c6a5c1
school-53509,lga9bd137c30d17
school-53510,lgad293701a4487
school-53512,lga379ed169b677
